month,region,business_unit,budget_revenue,actual_revenue,budget_cogs,actual_cogs,revenue_variance,revenue_variance_pct,gross_profit,gross_margin_pct,under_budget_flag
2023-01-01,North America,Enterprise Subscription,950000.0,967368.87,228000.0,224924.98,17368.87,0.0183,742443.89,0.7675,False
2023-01-01,North America,SMB Subscription,575000.0,600890.57,161000.0,172996.84,25890.57,0.045,427893.73,0.7121,False
2023-01-01,North America,Professional Services,310000.0,273710.75,139500.0,118358.16,-36289.25,-0.1171,155352.59,0.5676,True
2023-01-01,North America,Data & Insights,225000.0,226725.85,72000.0,71863.95,1725.85,0.0077,154861.9,0.683,False
2023-01-01,Europe,Enterprise Subscription,522500.0,521973.28,125400.0,122067.67,-526.72,-0.001,399905.61,0.7661,True
2023-01-01,Europe,SMB Subscription,316250.0,332936.58,88550.0,95397.47,16686.58,0.0528,237539.11,0.7135,False
2023-01-01,Europe,Professional Services,170500.0,171175.49,76725.0,79633.88,675.49,0.004,91541.61,0.5348,False
2023-01-01,Europe,Data & Insights,123750.0,127221.26,39600.0,39661.33,3471.26,0.0281,87559.93,0.6882,False
2023-01-01,APAC,Enterprise Subscription,332500.0,339856.58,79800.0,79219.22,7356.58,0.0221,260637.36,0.7669,False
2023-01-01,APAC,SMB Subscription,201250.0,211857.29,56350.0,59231.19,10607.29,0.0527,152626.1,0.7204,False
2023-01-01,APAC,Professional Services,108500.0,107296.55,48825.0,47297.12,-1203.45,-0.0111,59999.43,0.5592,True
2023-01-01,APAC,Data & Insights,78750.0,84526.51,25200.0,26923.09,5776.51,0.0734,57603.42,0.6815,False
2023-01-01,LATAM,Enterprise Subscription,209000.0,203628.77,50160.0,48354.63,-5371.23,-0.0257,155274.14,0.7625,True
2023-01-01,LATAM,SMB Subscription,126500.0,130540.23,35420.0,36951.99,4040.23,0.0319,93588.24,0.7169,False
2023-01-01,LATAM,Professional Services,68200.0,69888.9,30690.0,31856.49,1688.9,0.0248,38032.41,0.5442,False
2023-01-01,LATAM,Data & Insights,49500.0,55860.69,15840.0,17657.48,6360.69,0.1285,38203.21,0.6839,False
2023-02-01,North America,Enterprise Subscription,961400.0,931851.79,230736.0,218184.56,-29548.21,-0.0307,713667.23,0.7659,True
2023-02-01,North America,SMB Subscription,581900.0,603406.31,162932.0,174676.09,21506.31,0.037,428730.22,0.7105,False
2023-02-01,North America,Professional Services,313720.0,311575.14,141174.0,136674.89,-2144.86,-0.0068,174900.25,0.5613,True
2023-02-01,North America,Data & Insights,227700.0,216435.94,72864.0,70611.29,-11264.06,-0.0495,145824.65,0.6738,True
2023-02-01,Europe,Enterprise Subscription,528770.0,552350.63,126904.8,134724.23,23580.63,0.0446,417626.4,0.7561,False
2023-02-01,Europe,SMB Subscription,320045.0,307265.42,89612.6,86633.53,-12779.58,-0.0399,220631.89,0.718,True
2023-02-01,Europe,Professional Services,172546.0,173754.02,77645.7,78702.28,1208.02,0.007,95051.74,0.547,False
2023-02-01,Europe,Data & Insights,125235.0,131783.0,40075.2,42453.44,6548.0,0.0523,89329.56,0.6779,False
2023-02-01,APAC,Enterprise Subscription,336490.0,350196.86,80757.6,84217.64,13706.86,0.0407,265979.22,0.7595,False
2023-02-01,APAC,SMB Subscription,203665.0,207198.01,57026.2,59114.18,3533.01,0.0173,148083.83,0.7147,False
2023-02-01,APAC,Professional Services,109802.0,100202.08,49410.9,44658.51,-9599.92,-0.0874,55543.57,0.5543,True
2023-02-01,APAC,Data & Insights,79695.0,77445.82,25502.4,24307.67,-2249.18,-0.0282,53138.15,0.6861,True
2023-02-01,LATAM,Enterprise Subscription,211508.0,208016.31,50761.92,52162.91,-3491.69,-0.0165,155853.4,0.7492,True
2023-02-01,LATAM,SMB Subscription,128018.0,121367.48,35845.04,34970.04,-6650.52,-0.0519,86397.44,0.7119,True
2023-02-01,LATAM,Professional Services,69018.4,62049.46,31058.28,27641.74,-6968.94,-0.101,34407.72,0.5545,True
2023-02-01,LATAM,Data & Insights,50094.0,50583.18,16030.08,16471.29,489.18,0.0098,34111.89,0.6744,False
2023-03-01,North America,Enterprise Subscription,972800.0,1014312.87,233472.0,249228.95,41512.87,0.0427,765083.92,0.7543,False
2023-03-01,North America,SMB Subscription,588800.0,576480.24,164864.0,159175.56,-12319.76,-0.0209,417304.68,0.7239,True
2023-03-01,North America,Professional Services,317440.0,333781.35,142848.0,149339.58,16341.35,0.0515,184441.77,0.5526,False
2023-03-01,North America,Data & Insights,230400.0,212764.91,73728.0,65769.98,-17635.09,-0.0765,146994.93,0.6909,True
2023-03-01,Europe,Enterprise Subscription,535040.0,505523.37,128409.6,123135.16,-29516.63,-0.0552,382388.21,0.7564,True
2023-03-01,Europe,SMB Subscription,323840.0,326607.39,90675.2,93344.42,2767.39,0.0085,233262.97,0.7142,False
2023-03-01,Europe,Professional Services,174592.0,170116.31,78566.4,76916.44,-4475.69,-0.0256,93199.87,0.5479,True
2023-03-01,Europe,Data & Insights,126720.0,131476.49,40550.4,41682.03,4756.49,0.0375,89794.46,0.683,False
2023-03-01,APAC,Enterprise Subscription,340480.0,349811.37,81715.2,82287.57,9331.37,0.0274,267523.8,0.7648,False
2023-03-01,APAC,SMB Subscription,206080.0,201590.91,57702.4,55799.03,-4489.09,-0.0218,145791.88,0.7232,True
2023-03-01,APAC,Professional Services,111104.0,103132.25,49996.8,47087.52,-7971.75,-0.0718,56044.73,0.5434,True
2023-03-01,APAC,Data & Insights,80640.0,78368.84,25804.8,25087.43,-2271.16,-0.0282,53281.41,0.6799,True
2023-03-01,LATAM,Enterprise Subscription,214016.0,220189.25,51363.84,53553.33,6173.25,0.0288,166635.92,0.7568,False
2023-03-01,LATAM,SMB Subscription,129536.0,134707.48,36270.08,37606.65,5171.48,0.0399,97100.83,0.7208,False
2023-03-01,LATAM,Professional Services,69836.8,68063.09,31426.56,30555.14,-1773.71,-0.0254,37507.95,0.5511,True
2023-03-01,LATAM,Data & Insights,50688.0,45556.34,16220.16,13945.15,-5131.66,-0.1012,31611.19,0.6939,True
2023-04-01,North America,Enterprise Subscription,984200.0,906091.94,236208.0,210956.17,-78108.06,-0.0794,695135.77,0.7672,True
2023-04-01,North America,SMB Subscription,595700.0,609988.73,166796.0,166157.26,14288.73,0.024,443831.47,0.7276,False
2023-04-01,North America,Professional Services,321160.0,313872.96,144522.0,146748.03,-7287.04,-0.0227,167124.93,0.5325,True
2023-04-01,North America,Data & Insights,233100.0,228117.29,74592.0,74612.64,-4982.71,-0.0214,153504.65,0.6729,True
2023-04-01,Europe,Enterprise Subscription,541310.0,510987.4,129914.4,121881.15,-30322.6,-0.056,389106.25,0.7615,True
2023-04-01,Europe,SMB Subscription,327635.0,308959.37,91737.8,85628.75,-18675.63,-0.057,223330.62,0.7228,True
2023-04-01,Europe,Professional Services,176638.0,185543.82,79487.1,79168.06,8905.82,0.0504,106375.76,0.5733,False
2023-04-01,Europe,Data & Insights,128205.0,131546.72,41025.6,42395.17,3341.72,0.0261,89151.55,0.6777,False
2023-04-01,APAC,Enterprise Subscription,344470.0,332189.99,82672.8,76266.96,-12280.01,-0.0356,255923.03,0.7704,True
2023-04-01,APAC,SMB Subscription,208495.0,209397.32,58378.6,57699.9,902.32,0.0043,151697.42,0.7244,False
2023-04-01,APAC,Professional Services,112406.0,113975.25,50582.7,51322.49,1569.25,0.014,62652.76,0.5497,False
2023-04-01,APAC,Data & Insights,81585.0,89425.87,26107.2,28410.79,7840.87,0.0961,61015.08,0.6823,False
2023-04-01,LATAM,Enterprise Subscription,216524.0,203227.29,51965.76,49036.87,-13296.71,-0.0614,154190.42,0.7587,True
2023-04-01,LATAM,SMB Subscription,131054.0,132783.89,36695.12,38695.51,1729.89,0.0132,94088.38,0.7086,False
2023-04-01,LATAM,Professional Services,70655.2,74195.5,31794.84,33745.43,3540.3,0.0501,40450.07,0.5452,False
2023-04-01,LATAM,Data & Insights,51282.0,55784.47,16410.24,17214.41,4502.47,0.0878,38570.06,0.6914,False
2023-05-01,North America,Enterprise Subscription,995600.0,957383.8,238944.0,223385.07,-38216.2,-0.0384,733998.73,0.7667,True
2023-05-01,North America,SMB Subscription,602600.0,588506.04,168728.0,157976.11,-14093.96,-0.0234,430529.93,0.7316,True
2023-05-01,North America,Professional Services,324880.0,337260.87,146196.0,150755.61,12380.87,0.0381,186505.26,0.553,False
2023-05-01,North America,Data & Insights,235800.0,214991.03,75456.0,66701.06,-20808.97,-0.0882,148289.97,0.6897,True
2023-05-01,Europe,Enterprise Subscription,547580.0,557880.43,131419.2,137257.84,10300.43,0.0188,420622.59,0.754,False
2023-05-01,Europe,SMB Subscription,331430.0,371136.59,92800.4,113002.35,39706.59,0.1198,258134.24,0.6955,False
2023-05-01,Europe,Professional Services,178684.0,183126.9,80407.8,79960.76,4442.9,0.0249,103166.14,0.5634,False
2023-05-01,Europe,Data & Insights,129690.0,113099.7,41500.8,36482.57,-16590.3,-0.1279,76617.13,0.6774,True
2023-05-01,APAC,Enterprise Subscription,348460.0,331463.35,83630.4,78559.94,-16996.65,-0.0488,252903.41,0.763,True
2023-05-01,APAC,SMB Subscription,210910.0,203164.16,59054.8,56645.69,-7745.84,-0.0367,146518.47,0.7212,True
2023-05-01,APAC,Professional Services,113708.0,120980.63,51168.6,54697.78,7272.63,0.064,66282.85,0.5479,False
2023-05-01,APAC,Data & Insights,82530.0,81744.47,26409.6,25345.5,-785.53,-0.0095,56398.97,0.6899,True
2023-05-01,LATAM,Enterprise Subscription,219032.0,197023.45,52567.68,46595.77,-22008.55,-0.1005,150427.68,0.7635,True
2023-05-01,LATAM,SMB Subscription,132572.0,132144.2,37120.16,38962.8,-427.8,-0.0032,93181.4,0.7051,True
2023-05-01,LATAM,Professional Services,71473.6,72032.27,32163.12,33370.17,558.67,0.0078,38662.1,0.5367,False
2023-05-01,LATAM,Data & Insights,51876.0,50321.91,16600.32,15530.58,-1554.09,-0.03,34791.33,0.6914,True
2023-06-01,North America,Enterprise Subscription,1007000.0,948687.65,241680.0,222731.34,-58312.35,-0.0579,725956.31,0.7652,True
2023-06-01,North America,SMB Subscription,609500.0,687338.14,170660.0,187712.29,77838.14,0.1277,499625.85,0.7269,False
2023-06-01,North America,Professional Services,328600.0,345131.65,147870.0,151102.26,16531.65,0.0503,194029.39,0.5622,False
2023-06-01,North America,Data & Insights,238500.0,251830.81,76320.0,81516.51,13330.81,0.0559,170314.3,0.6763,False
2023-06-01,Europe,Enterprise Subscription,553850.0,548644.77,132924.0,131513.72,-5205.23,-0.0094,417131.05,0.7603,True
2023-06-01,Europe,SMB Subscription,335225.0,322054.93,93863.0,91382.12,-13170.07,-0.0393,230672.81,0.7163,True
2023-06-01,Europe,Professional Services,180730.0,175796.25,81328.5,76199.64,-4933.75,-0.0273,99596.61,0.5665,True
2023-06-01,Europe,Data & Insights,131175.0,121116.99,41976.0,38958.11,-10058.01,-0.0767,82158.88,0.6783,True
2023-06-01,APAC,Enterprise Subscription,352450.0,385843.04,84588.0,93046.8,33393.04,0.0947,292796.24,0.7588,False
2023-06-01,APAC,SMB Subscription,213325.0,211806.49,59731.0,59814.35,-1518.51,-0.0071,151992.14,0.7176,True
2023-06-01,APAC,Professional Services,115010.0,124022.2,51754.5,56177.3,9012.2,0.0784,67844.9,0.547,False
2023-06-01,APAC,Data & Insights,83475.0,81416.87,26712.0,26918.08,-2058.13,-0.0247,54498.79,0.6694,True
2023-06-01,LATAM,Enterprise Subscription,221540.0,227239.2,53169.6,57050.09,5699.2,0.0257,170189.11,0.7489,False
2023-06-01,LATAM,SMB Subscription,134090.0,135564.19,37545.2,36563.62,1474.19,0.011,99000.57,0.7303,False
2023-06-01,LATAM,Professional Services,72292.0,66357.58,32531.4,31339.86,-5934.42,-0.0821,35017.72,0.5277,True
2023-06-01,LATAM,Data & Insights,52470.0,57896.44,16790.4,18427.08,5426.44,0.1034,39469.36,0.6817,False
2023-07-01,North America,Enterprise Subscription,1018400.0,994985.72,244416.0,249266.21,-23414.28,-0.023,745719.51,0.7495,True
2023-07-01,North America,SMB Subscription,616400.0,575457.02,172592.0,156803.0,-40942.98,-0.0664,418654.02,0.7275,True
2023-07-01,North America,Professional Services,332320.0,345147.42,149544.0,153477.68,12827.42,0.0386,191669.74,0.5553,False
2023-07-01,North America,Data & Insights,241200.0,241125.88,77184.0,76781.94,-74.12,-0.0003,164343.94,0.6816,True
2023-07-01,Europe,Enterprise Subscription,560120.0,571464.94,134428.8,142942.74,11344.94,0.0203,428522.2,0.7499,False
2023-07-01,Europe,SMB Subscription,339020.0,340862.61,94925.6,97285.28,1842.61,0.0054,243577.33,0.7146,False
2023-07-01,Europe,Professional Services,182776.0,160292.66,82249.2,72026.27,-22483.34,-0.123,88266.39,0.5507,True
2023-07-01,Europe,Data & Insights,132660.0,125948.22,42451.2,38829.76,-6711.78,-0.0506,87118.46,0.6917,True
2023-07-01,APAC,Enterprise Subscription,356440.0,337659.48,85545.6,80225.97,-18780.52,-0.0527,257433.51,0.7624,True
2023-07-01,APAC,SMB Subscription,215740.0,227595.81,60407.2,61191.02,11855.81,0.055,166404.79,0.7311,False
2023-07-01,APAC,Professional Services,116312.0,116525.77,52340.4,51674.95,213.77,0.0018,64850.82,0.5565,False
2023-07-01,APAC,Data & Insights,84420.0,82760.27,27014.4,27279.98,-1659.73,-0.0197,55480.29,0.6704,True
2023-07-01,LATAM,Enterprise Subscription,224048.0,231281.82,53771.52,57734.71,7233.82,0.0323,173547.11,0.7504,False
2023-07-01,LATAM,SMB Subscription,135608.0,134350.87,37970.24,36832.84,-1257.13,-0.0093,97518.03,0.7258,True
2023-07-01,LATAM,Professional Services,73110.4,72128.42,32899.68,32693.91,-981.98,-0.0134,39434.51,0.5467,True
2023-07-01,LATAM,Data & Insights,53064.0,53626.18,16980.48,16602.12,562.18,0.0106,37024.06,0.6904,False
2023-08-01,North America,Enterprise Subscription,1029800.0,1035391.18,247152.0,250195.28,5591.18,0.0054,785195.9,0.7584,False
2023-08-01,North America,SMB Subscription,623300.0,717448.49,174524.0,212196.51,94148.49,0.151,505251.98,0.7042,False
2023-08-01,North America,Professional Services,336040.0,318836.57,151218.0,142239.47,-17203.43,-0.0512,176597.1,0.5539,True
2023-08-01,North America,Data & Insights,243900.0,222483.99,78048.0,69933.22,-21416.01,-0.0878,152550.77,0.6857,True
2023-08-01,Europe,Enterprise Subscription,566390.0,577115.33,135933.6,143518.28,10725.33,0.0189,433597.05,0.7513,False
2023-08-01,Europe,SMB Subscription,342815.0,327818.55,95988.2,89987.89,-14996.45,-0.0437,237830.66,0.7255,True
2023-08-01,Europe,Professional Services,184822.0,161010.02,83169.9,72100.93,-23811.98,-0.1288,88909.09,0.5522,True
2023-08-01,Europe,Data & Insights,134145.0,125593.95,42926.4,39551.72,-8551.05,-0.0637,86042.23,0.6851,True
2023-08-01,APAC,Enterprise Subscription,360430.0,341467.18,86503.2,81720.37,-18962.82,-0.0526,259746.81,0.7607,True
2023-08-01,APAC,SMB Subscription,218155.0,195147.57,61083.4,52236.48,-23007.43,-0.1055,142911.09,0.7323,True
2023-08-01,APAC,Professional Services,117614.0,132639.76,52926.3,57382.58,15025.76,0.1278,75257.18,0.5674,False
2023-08-01,APAC,Data & Insights,85365.0,79747.37,27316.8,26925.45,-5617.63,-0.0658,52821.92,0.6624,True
2023-08-01,LATAM,Enterprise Subscription,226556.0,266045.62,54373.44,61606.78,39489.62,0.1743,204438.84,0.7684,False
2023-08-01,LATAM,SMB Subscription,137126.0,134096.21,38395.28,37931.67,-3029.79,-0.0221,96164.54,0.7171,True
2023-08-01,LATAM,Professional Services,73928.8,81596.83,33267.96,35631.5,7668.03,0.1037,45965.33,0.5633,False
2023-08-01,LATAM,Data & Insights,53658.0,52868.33,17170.56,17312.39,-789.67,-0.0147,35555.94,0.6725,True
2023-09-01,North America,Enterprise Subscription,1041200.0,1068360.71,249888.0,253513.1,27160.71,0.0261,814847.61,0.7627,False
2023-09-01,North America,SMB Subscription,630200.0,625139.89,176456.0,167819.35,-5060.11,-0.008,457320.54,0.7315,True
2023-09-01,North America,Professional Services,339760.0,334904.69,152892.0,149502.71,-4855.31,-0.0143,185401.98,0.5536,True
2023-09-01,North America,Data & Insights,246600.0,250035.19,78912.0,78678.29,3435.19,0.0139,171356.9,0.6853,False
2023-09-01,Europe,Enterprise Subscription,572660.0,588861.88,137438.4,145620.57,16201.88,0.0283,443241.31,0.7527,False
2023-09-01,Europe,SMB Subscription,346610.0,349842.4,97050.8,98989.57,3232.4,0.0093,250852.83,0.717,False
2023-09-01,Europe,Professional Services,186868.0,187463.98,84090.6,84359.01,595.98,0.0032,103104.97,0.55,False
2023-09-01,Europe,Data & Insights,135630.0,129758.11,43401.6,41916.84,-5871.89,-0.0433,87841.27,0.677,True
2023-09-01,APAC,Enterprise Subscription,364420.0,362292.81,87460.8,92410.32,-2127.19,-0.0058,269882.49,0.7449,True
2023-09-01,APAC,SMB Subscription,220570.0,241392.09,61759.6,68372.16,20822.09,0.0944,173019.93,0.7168,False
2023-09-01,APAC,Professional Services,118916.0,113471.62,53512.2,49358.16,-5444.38,-0.0458,64113.46,0.565,True
2023-09-01,APAC,Data & Insights,86310.0,92478.45,27619.2,29826.37,6168.45,0.0715,62652.08,0.6775,False
2023-09-01,LATAM,Enterprise Subscription,229064.0,235663.01,54975.36,53598.96,6599.01,0.0288,182064.05,0.7726,False
2023-09-01,LATAM,SMB Subscription,138644.0,146359.03,38820.32,41539.2,7715.03,0.0556,104819.83,0.7162,False
2023-09-01,LATAM,Professional Services,74747.2,69767.1,33636.24,30951.09,-4980.1,-0.0666,38816.01,0.5564,True
2023-09-01,LATAM,Data & Insights,54252.0,55110.43,17360.64,17663.1,858.43,0.0158,37447.33,0.6795,False
2023-10-01,North America,Enterprise Subscription,1052600.0,1034147.64,252624.0,247424.87,-18452.36,-0.0175,786722.77,0.7607,True
2023-10-01,North America,SMB Subscription,637100.0,627467.91,178388.0,176495.13,-9632.09,-0.0151,450972.78,0.7187,True
2023-10-01,North America,Professional Services,343480.0,373805.68,154566.0,155260.23,30325.68,0.0883,218545.45,0.5846,False
2023-10-01,North America,Data & Insights,249300.0,245757.19,79776.0,79058.74,-3542.81,-0.0142,166698.45,0.6783,True
2023-10-01,Europe,Enterprise Subscription,578930.0,589211.59,138943.2,139833.0,10281.59,0.0178,449378.59,0.7627,False
2023-10-01,Europe,SMB Subscription,350405.0,313471.15,98113.4,88635.59,-36933.85,-0.1054,224835.56,0.7172,True
2023-10-01,Europe,Professional Services,188914.0,208493.24,85011.3,89504.66,19579.24,0.1036,118988.58,0.5707,False
2023-10-01,Europe,Data & Insights,137115.0,144221.63,43876.8,45696.07,7106.63,0.0518,98525.56,0.6832,False
2023-10-01,APAC,Enterprise Subscription,368410.0,367054.45,88418.4,85310.48,-1355.55,-0.0037,281743.97,0.7676,True
2023-10-01,APAC,SMB Subscription,222985.0,218510.28,62435.8,63569.09,-4474.72,-0.0201,154941.19,0.7091,True
2023-10-01,APAC,Professional Services,120218.0,124420.74,54098.1,58899.06,4202.74,0.035,65521.68,0.5266,False
2023-10-01,APAC,Data & Insights,87255.0,93419.1,27921.6,30287.9,6164.1,0.0706,63131.2,0.6758,False
2023-10-01,LATAM,Enterprise Subscription,231572.0,255802.78,55577.28,62201.2,24230.78,0.1046,193601.58,0.7568,False
2023-10-01,LATAM,SMB Subscription,140162.0,147125.15,39245.36,40828.52,6963.15,0.0497,106296.63,0.7225,False
2023-10-01,LATAM,Professional Services,75565.6,75867.31,34004.52,33425.98,301.71,0.004,42441.33,0.5594,False
2023-10-01,LATAM,Data & Insights,54846.0,58102.48,17550.72,17935.56,3256.48,0.0594,40166.92,0.6913,False
2023-11-01,North America,Enterprise Subscription,1064000.0,1113945.25,255360.0,265817.76,49945.25,0.0469,848127.49,0.7614,False
2023-11-01,North America,SMB Subscription,644000.0,689256.99,180320.0,197339.31,45256.99,0.0703,491917.68,0.7137,False
2023-11-01,North America,Professional Services,347200.0,385127.7,156240.0,177106.93,37927.7,0.1092,208020.77,0.5401,False
2023-11-01,North America,Data & Insights,252000.0,228230.75,80640.0,72887.15,-23769.25,-0.0943,155343.6,0.6806,True
2023-11-01,Europe,Enterprise Subscription,585200.0,544048.48,140448.0,128541.46,-41151.52,-0.0703,415507.02,0.7637,True
2023-11-01,Europe,SMB Subscription,354200.0,386316.63,99176.0,110237.49,32116.63,0.0907,276079.14,0.7146,False
2023-11-01,Europe,Professional Services,190960.0,182951.93,85932.0,79824.64,-8008.07,-0.0419,103127.29,0.5637,True
2023-11-01,Europe,Data & Insights,138600.0,138872.62,44352.0,42817.35,272.62,0.002,96055.27,0.6917,False
2023-11-01,APAC,Enterprise Subscription,372400.0,357404.04,89376.0,86579.87,-14995.96,-0.0403,270824.17,0.7578,True
2023-11-01,APAC,SMB Subscription,225400.0,241024.44,63112.0,68719.34,15624.44,0.0693,172305.1,0.7149,False
2023-11-01,APAC,Professional Services,121520.0,104813.75,54684.0,47596.86,-16706.25,-0.1375,57216.89,0.5459,True
2023-11-01,APAC,Data & Insights,88200.0,88581.2,28224.0,28697.95,381.2,0.0043,59883.25,0.676,False
2023-11-01,LATAM,Enterprise Subscription,234080.0,256779.34,56179.2,57812.5,22699.34,0.097,198966.84,0.7749,False
2023-11-01,LATAM,SMB Subscription,141680.0,136655.15,39670.4,38941.74,-5024.85,-0.0355,97713.41,0.715,True
2023-11-01,LATAM,Professional Services,76384.0,69135.49,34372.8,32488.52,-7248.51,-0.0949,36646.97,0.5301,True
2023-11-01,LATAM,Data & Insights,55440.0,56665.3,17740.8,18593.43,1225.3,0.0221,38071.87,0.6719,False
2023-12-01,North America,Enterprise Subscription,1075400.0,1038560.43,258096.0,255339.53,-36839.57,-0.0343,783220.9,0.7541,True
2023-12-01,North America,SMB Subscription,650900.0,692628.09,182252.0,195290.77,41728.09,0.0641,497337.32,0.718,False
2023-12-01,North America,Professional Services,350920.0,355855.36,157914.0,161433.65,4935.36,0.0141,194421.71,0.5464,False
2023-12-01,North America,Data & Insights,254700.0,241506.36,81504.0,76939.99,-13193.64,-0.0518,164566.37,0.6814,True
2023-12-01,Europe,Enterprise Subscription,591470.0,586057.25,141952.8,142271.51,-5412.75,-0.0092,443785.74,0.7572,True
2023-12-01,Europe,SMB Subscription,357995.0,379470.92,100238.6,102877.72,21475.92,0.06,276593.2,0.7289,False
2023-12-01,Europe,Professional Services,193006.0,191558.35,86852.7,90032.36,-1447.65,-0.0075,101525.99,0.53,True
2023-12-01,Europe,Data & Insights,140085.0,133835.07,44827.2,41770.78,-6249.93,-0.0446,92064.29,0.6879,True
2023-12-01,APAC,Enterprise Subscription,376390.0,380958.76,90333.6,93746.17,4568.76,0.0121,287212.59,0.7539,False
2023-12-01,APAC,SMB Subscription,227815.0,227971.18,63788.2,66376.83,156.18,0.0007,161594.35,0.7088,False
2023-12-01,APAC,Professional Services,122822.0,129135.99,55269.9,59578.77,6313.99,0.0514,69557.22,0.5386,False
2023-12-01,APAC,Data & Insights,89145.0,92108.8,28526.4,31533.03,2963.8,0.0332,60575.77,0.6577,False
2023-12-01,LATAM,Enterprise Subscription,236588.0,233675.67,56781.12,52711.31,-2912.33,-0.0123,180964.36,0.7744,True
2023-12-01,LATAM,SMB Subscription,143198.0,156981.56,40095.44,43351.29,13783.56,0.0963,113630.27,0.7238,False
2023-12-01,LATAM,Professional Services,77202.4,77702.12,34741.08,36339.64,499.72,0.0065,41362.48,0.5323,False
2023-12-01,LATAM,Data & Insights,56034.0,50647.14,17930.88,15598.52,-5386.86,-0.0961,35048.62,0.692,True
2024-01-01,North America,Enterprise Subscription,1086800.0,982383.87,260832.0,230155.07,-104416.13,-0.0961,752228.8,0.7657,True
2024-01-01,North America,SMB Subscription,657800.0,675151.58,184184.0,192015.25,17351.58,0.0264,483136.33,0.7156,False
2024-01-01,North America,Professional Services,354640.0,360518.67,159588.0,155357.47,5878.67,0.0166,205161.2,0.5691,False
2024-01-01,North America,Data & Insights,257400.0,221722.76,82368.0,71066.98,-35677.24,-0.1386,150655.78,0.6795,True
2024-01-01,Europe,Enterprise Subscription,597740.0,580820.04,143457.6,141317.92,-16919.96,-0.0283,439502.12,0.7567,True
2024-01-01,Europe,SMB Subscription,361790.0,377027.59,101301.2,106005.54,15237.59,0.0421,271022.05,0.7188,False
2024-01-01,Europe,Professional Services,195052.0,203947.93,87773.4,92407.65,8895.93,0.0456,111540.28,0.5469,False
2024-01-01,Europe,Data & Insights,141570.0,146072.48,45302.4,45755.03,4502.48,0.0318,100317.45,0.6868,False
2024-01-01,APAC,Enterprise Subscription,380380.0,376280.76,91291.2,90840.49,-4099.24,-0.0108,285440.27,0.7586,True
2024-01-01,APAC,SMB Subscription,230230.0,241564.62,64464.4,66839.14,11334.62,0.0492,174725.48,0.7233,False
2024-01-01,APAC,Professional Services,124124.0,128005.36,55855.8,57143.02,3881.36,0.0313,70862.34,0.5536,False
2024-01-01,APAC,Data & Insights,90090.0,89454.64,28828.8,29337.85,-635.36,-0.0071,60116.79,0.672,True
2024-01-01,LATAM,Enterprise Subscription,239096.0,210504.03,57383.04,48556.0,-28591.97,-0.1196,161948.03,0.7693,True
2024-01-01,LATAM,SMB Subscription,144716.0,131846.24,40520.48,34332.45,-12869.76,-0.0889,97513.79,0.7396,True
2024-01-01,LATAM,Professional Services,78020.8,74845.68,35109.36,34437.79,-3175.12,-0.0407,40407.89,0.5399,True
2024-01-01,LATAM,Data & Insights,56628.0,55660.06,18120.96,17916.9,-967.94,-0.0171,37743.16,0.6781,True
2024-02-01,North America,Enterprise Subscription,1098200.0,1169970.72,263568.0,291977.12,71770.72,0.0654,877993.6,0.7504,False
2024-02-01,North America,SMB Subscription,664700.0,661942.64,186116.0,192870.31,-2757.36,-0.0041,469072.33,0.7086,True
2024-02-01,North America,Professional Services,358360.0,360340.87,161262.0,158079.78,1980.87,0.0055,202261.09,0.5613,False
2024-02-01,North America,Data & Insights,260100.0,250823.79,83232.0,76698.62,-9276.21,-0.0357,174125.17,0.6942,True
2024-02-01,Europe,Enterprise Subscription,604010.0,571823.5,144962.4,135763.64,-32186.5,-0.0533,436059.86,0.7626,True
2024-02-01,Europe,SMB Subscription,365585.0,383211.72,102363.8,112838.4,17626.72,0.0482,270373.32,0.7055,False
2024-02-01,Europe,Professional Services,197098.0,180752.49,88694.1,82297.18,-16345.51,-0.0829,98455.31,0.5447,True
2024-02-01,Europe,Data & Insights,143055.0,134123.7,45777.6,43530.8,-8931.3,-0.0624,90592.9,0.6754,True
2024-02-01,APAC,Enterprise Subscription,384370.0,381346.85,92248.8,86496.13,-3023.15,-0.0079,294850.72,0.7732,True
2024-02-01,APAC,SMB Subscription,232645.0,245602.82,65140.6,67520.63,12957.82,0.0557,178082.19,0.7251,False
2024-02-01,APAC,Professional Services,125426.0,121408.1,56441.7,52880.31,-4017.9,-0.032,68527.79,0.5644,True
2024-02-01,APAC,Data & Insights,91035.0,87461.24,29131.2,28346.87,-3573.76,-0.0393,59114.37,0.6759,True
2024-02-01,LATAM,Enterprise Subscription,241604.0,238860.67,57984.96,57891.79,-2743.33,-0.0114,180968.88,0.7576,True
2024-02-01,LATAM,SMB Subscription,146234.0,149409.52,40945.52,43492.15,3175.52,0.0217,105917.37,0.7089,False
2024-02-01,LATAM,Professional Services,78839.2,77217.7,35477.64,33208.43,-1621.5,-0.0206,44009.27,0.5699,True
2024-02-01,LATAM,Data & Insights,57222.0,60886.12,18311.04,19289.8,3664.12,0.064,41596.32,0.6832,False
2024-03-01,North America,Enterprise Subscription,1109600.0,1183805.11,266304.0,287380.9,74205.11,0.0669,896424.21,0.7572,False
2024-03-01,North America,SMB Subscription,671600.0,666315.68,188048.0,188520.51,-5284.32,-0.0079,477795.17,0.7171,True
2024-03-01,North America,Professional Services,362080.0,404465.36,162936.0,193350.31,42385.36,0.1171,211115.05,0.522,False
2024-03-01,North America,Data & Insights,262800.0,263894.0,84096.0,84851.9,1094.0,0.0042,179042.1,0.6785,False
2024-03-01,Europe,Enterprise Subscription,610280.0,649688.47,146467.2,151969.44,39408.47,0.0646,497719.03,0.7661,False
2024-03-01,Europe,SMB Subscription,369380.0,376761.77,103426.4,105411.45,7381.77,0.02,271350.32,0.7202,False
2024-03-01,Europe,Professional Services,199144.0,202894.78,89614.8,89019.99,3750.78,0.0188,113874.79,0.5613,False
2024-03-01,Europe,Data & Insights,144540.0,130754.63,46252.8,39239.38,-13785.37,-0.0954,91515.25,0.6999,True
2024-03-01,APAC,Enterprise Subscription,388360.0,362323.16,93206.4,85761.0,-26036.84,-0.067,276562.16,0.7633,True
2024-03-01,APAC,SMB Subscription,235060.0,230924.94,65816.8,68416.77,-4135.06,-0.0176,162508.17,0.7037,True
2024-03-01,APAC,Professional Services,126728.0,135137.62,57027.6,59056.73,8409.62,0.0664,76080.89,0.563,False
2024-03-01,APAC,Data & Insights,91980.0,93898.93,29433.6,29680.71,1918.93,0.0209,64218.22,0.6839,False
2024-03-01,LATAM,Enterprise Subscription,244112.0,239947.0,58586.88,57907.45,-4165.0,-0.0171,182039.55,0.7587,True
2024-03-01,LATAM,SMB Subscription,147752.0,153241.03,41370.56,42470.79,5489.03,0.0372,110770.24,0.7228,False
2024-03-01,LATAM,Professional Services,79657.6,84742.23,35845.92,36827.6,5084.63,0.0638,47914.63,0.5654,False
2024-03-01,LATAM,Data & Insights,57816.0,57837.99,18501.12,19950.5,21.99,0.0004,37887.49,0.6551,False
2024-04-01,North America,Enterprise Subscription,1121000.0,1136004.34,269040.0,284363.64,15004.34,0.0134,851640.7,0.7497,False
2024-04-01,North America,SMB Subscription,678500.0,682225.79,189980.0,194351.48,3725.79,0.0055,487874.31,0.7151,False
2024-04-01,North America,Professional Services,365800.0,364553.72,164610.0,163210.52,-1246.28,-0.0034,201343.2,0.5523,True
2024-04-01,North America,Data & Insights,265500.0,253082.85,84960.0,82031.97,-12417.15,-0.0468,171050.88,0.6759,True
2024-04-01,Europe,Enterprise Subscription,616550.0,585049.08,147972.0,143215.46,-31500.92,-0.0511,441833.62,0.7552,True
2024-04-01,Europe,SMB Subscription,373175.0,397475.12,104489.0,112516.8,24300.12,0.0651,284958.32,0.7169,False
2024-04-01,Europe,Professional Services,201190.0,197734.58,90535.5,90192.38,-3455.42,-0.0172,107542.2,0.5439,True
2024-04-01,Europe,Data & Insights,146025.0,143320.56,46728.0,47149.78,-2704.44,-0.0185,96170.78,0.671,True
2024-04-01,APAC,Enterprise Subscription,392350.0,349236.87,94164.0,82972.96,-43113.13,-0.1099,266263.91,0.7624,True
2024-04-01,APAC,SMB Subscription,237475.0,209108.92,66493.0,55924.4,-28366.08,-0.1194,153184.52,0.7326,True
2024-04-01,APAC,Professional Services,128030.0,138506.92,57613.5,64001.97,10476.92,0.0818,74504.95,0.5379,False
2024-04-01,APAC,Data & Insights,92925.0,88913.54,29736.0,27169.84,-4011.46,-0.0432,61743.7,0.6944,True
2024-04-01,LATAM,Enterprise Subscription,246620.0,202753.27,59188.8,47867.38,-43866.73,-0.1779,154885.89,0.7639,True
2024-04-01,LATAM,SMB Subscription,149270.0,170947.72,41795.6,48489.84,21677.72,0.1452,122457.88,0.7163,False
2024-04-01,LATAM,Professional Services,80476.0,77774.07,36214.2,35486.64,-2701.93,-0.0336,42287.43,0.5437,True
2024-04-01,LATAM,Data & Insights,58410.0,52939.47,18691.2,16789.52,-5470.53,-0.0937,36149.95,0.6829,True
2024-05-01,North America,Enterprise Subscription,1132400.0,1139158.9,271776.0,272691.94,6758.9,0.006,866466.96,0.7606,False
2024-05-01,North America,SMB Subscription,685400.0,717921.11,191912.0,203096.31,32521.11,0.0474,514824.8,0.7171,False
2024-05-01,North America,Professional Services,369520.0,384337.59,166284.0,169380.26,14817.59,0.0401,214957.33,0.5593,False
2024-05-01,North America,Data & Insights,268200.0,282647.65,85824.0,94867.23,14447.65,0.0539,187780.42,0.6644,False
2024-05-01,Europe,Enterprise Subscription,622820.0,586566.29,149476.8,137026.92,-36253.71,-0.0582,449539.37,0.7664,True
2024-05-01,Europe,SMB Subscription,376970.0,407183.04,105551.6,113356.79,30213.04,0.0801,293826.25,0.7216,False
2024-05-01,Europe,Professional Services,203236.0,220354.42,91456.2,97843.04,17118.42,0.0842,122511.38,0.556,False
2024-05-01,Europe,Data & Insights,147510.0,160388.03,47203.2,51526.62,12878.03,0.0873,108861.41,0.6787,False
2024-05-01,APAC,Enterprise Subscription,396340.0,402480.78,95121.6,101129.72,6140.78,0.0155,301351.06,0.7487,False
2024-05-01,APAC,SMB Subscription,239890.0,234682.89,67169.2,63855.94,-5207.11,-0.0217,170826.95,0.7279,True
2024-05-01,APAC,Professional Services,129332.0,125851.18,58199.4,57401.54,-3480.82,-0.0269,68449.64,0.5439,True
2024-05-01,APAC,Data & Insights,93870.0,85051.33,30038.4,27736.92,-8818.67,-0.0939,57314.41,0.6739,True
2024-05-01,LATAM,Enterprise Subscription,249128.0,241074.62,59790.72,59850.21,-8053.38,-0.0323,181224.41,0.7517,True
2024-05-01,LATAM,SMB Subscription,150788.0,129126.46,42220.64,35302.25,-21661.54,-0.1437,93824.21,0.7266,True
2024-05-01,LATAM,Professional Services,81294.4,73068.38,36582.48,32065.76,-8226.02,-0.1012,41002.62,0.5612,True
2024-05-01,LATAM,Data & Insights,59004.0,59880.8,18881.28,19058.83,876.8,0.0149,40821.97,0.6817,False
2024-06-01,North America,Enterprise Subscription,1143800.0,1126411.2,274512.0,269047.67,-17388.8,-0.0152,857363.53,0.7611,True
2024-06-01,North America,SMB Subscription,692300.0,700748.34,193844.0,190273.0,8448.34,0.0122,510475.34,0.7285,False
2024-06-01,North America,Professional Services,373240.0,389069.47,167958.0,178561.87,15829.47,0.0424,210507.6,0.5411,False
2024-06-01,North America,Data & Insights,270900.0,277158.41,86688.0,90171.47,6258.41,0.0231,186986.94,0.6747,False
2024-06-01,Europe,Enterprise Subscription,629090.0,640278.42,150981.6,163048.52,11188.42,0.0178,477229.9,0.7453,False
2024-06-01,Europe,SMB Subscription,380765.0,378775.26,106614.2,105080.02,-1989.74,-0.0052,273695.24,0.7226,True
2024-06-01,Europe,Professional Services,205282.0,196000.86,92376.9,85469.01,-9281.14,-0.0452,110531.85,0.5639,True
2024-06-01,Europe,Data & Insights,148995.0,137869.8,47678.4,42941.97,-11125.2,-0.0747,94927.83,0.6885,True
2024-06-01,APAC,Enterprise Subscription,400330.0,398632.27,96079.2,96631.22,-1697.73,-0.0042,302001.05,0.7576,True
2024-06-01,APAC,SMB Subscription,242305.0,243048.52,67845.4,66490.66,743.52,0.0031,176557.86,0.7264,False
2024-06-01,APAC,Professional Services,130634.0,137689.68,58785.3,63334.79,7055.68,0.054,74354.89,0.54,False
2024-06-01,APAC,Data & Insights,94815.0,93906.78,30340.8,29461.56,-908.22,-0.0096,64445.22,0.6863,True
2024-06-01,LATAM,Enterprise Subscription,251636.0,259916.25,60392.64,62731.67,8280.25,0.0329,197184.58,0.7586,False
2024-06-01,LATAM,SMB Subscription,152306.0,139072.49,42645.68,38860.88,-13233.51,-0.0869,100211.61,0.7206,True
2024-06-01,LATAM,Professional Services,82112.8,83403.79,36950.76,36518.69,1290.99,0.0157,46885.1,0.5621,False
2024-06-01,LATAM,Data & Insights,59598.0,60276.86,19071.36,18446.75,678.86,0.0114,41830.11,0.694,False
2024-07-01,North America,Enterprise Subscription,1155200.0,1247813.73,277248.0,310687.2,92613.73,0.0802,937126.53,0.751,False
2024-07-01,North America,SMB Subscription,699200.0,688606.39,195776.0,194912.12,-10593.61,-0.0152,493694.27,0.7169,True
2024-07-01,North America,Professional Services,376960.0,322453.35,169632.0,140070.29,-54506.65,-0.1446,182383.06,0.5656,True
2024-07-01,North America,Data & Insights,273600.0,268777.33,87552.0,83242.36,-4822.67,-0.0176,185534.97,0.6903,True
2024-07-01,Europe,Enterprise Subscription,635360.0,662593.94,152486.4,168551.0,27233.94,0.0429,494042.94,0.7456,False
2024-07-01,Europe,SMB Subscription,384560.0,357411.26,107676.8,97560.88,-27148.74,-0.0706,259850.38,0.727,True
2024-07-01,Europe,Professional Services,207328.0,210256.9,93297.6,99188.71,2928.9,0.0141,111068.19,0.5282,False
2024-07-01,Europe,Data & Insights,150480.0,139443.43,48153.6,44955.27,-11036.57,-0.0733,94488.16,0.6776,True
2024-07-01,APAC,Enterprise Subscription,404320.0,448503.25,97036.8,102306.88,44183.25,0.1093,346196.37,0.7719,False
2024-07-01,APAC,SMB Subscription,244720.0,225909.8,68521.6,62450.89,-18810.2,-0.0769,163458.91,0.7236,True
2024-07-01,APAC,Professional Services,131936.0,127814.94,59371.2,58918.87,-4121.06,-0.0312,68896.07,0.539,True
2024-07-01,APAC,Data & Insights,95760.0,97148.48,30643.2,29432.14,1388.48,0.0145,67716.34,0.697,False
2024-07-01,LATAM,Enterprise Subscription,254144.0,262003.31,60994.56,61791.31,7859.31,0.0309,200212.0,0.7642,False
2024-07-01,LATAM,SMB Subscription,153824.0,165586.43,43070.72,45491.27,11762.43,0.0765,120095.16,0.7253,False
2024-07-01,LATAM,Professional Services,82931.2,79763.48,37319.04,36476.26,-3167.72,-0.0382,43287.22,0.5427,True
2024-07-01,LATAM,Data & Insights,60192.0,62947.32,19261.44,20413.93,2755.32,0.0458,42533.39,0.6757,False
2024-08-01,North America,Enterprise Subscription,1166600.0,1048614.93,279984.0,255729.76,-117985.07,-0.1011,792885.17,0.7561,True
2024-08-01,North America,SMB Subscription,706100.0,662280.51,197708.0,186747.42,-43819.49,-0.0621,475533.09,0.718,True
2024-08-01,North America,Professional Services,380680.0,348160.77,171306.0,158770.14,-32519.23,-0.0854,189390.63,0.544,True
2024-08-01,North America,Data & Insights,276300.0,262928.2,88416.0,80899.51,-13371.8,-0.0484,182028.69,0.6923,True
2024-08-01,Europe,Enterprise Subscription,641630.0,669110.5,153991.2,161750.67,27480.5,0.0428,507359.83,0.7583,False
2024-08-01,Europe,SMB Subscription,388355.0,374048.54,108739.4,109293.21,-14306.46,-0.0368,264755.33,0.7078,True
2024-08-01,Europe,Professional Services,209374.0,203838.33,94218.3,91815.6,-5535.67,-0.0264,112022.73,0.5496,True
2024-08-01,Europe,Data & Insights,151965.0,154416.93,48628.8,48494.82,2451.93,0.0161,105922.11,0.6859,False
2024-08-01,APAC,Enterprise Subscription,408310.0,419852.18,97994.4,99151.93,11542.18,0.0283,320700.25,0.7638,False
2024-08-01,APAC,SMB Subscription,247135.0,241031.19,69197.8,70247.62,-6103.81,-0.0247,170783.57,0.7086,True
2024-08-01,APAC,Professional Services,133238.0,124919.26,59957.1,52144.73,-8318.74,-0.0624,72774.53,0.5826,True
2024-08-01,APAC,Data & Insights,96705.0,106052.14,30945.6,36532.16,9347.14,0.0967,69519.98,0.6555,False
2024-08-01,LATAM,Enterprise Subscription,256652.0,250411.21,61596.48,56606.65,-6240.79,-0.0243,193804.56,0.7739,True
2024-08-01,LATAM,SMB Subscription,155342.0,152448.13,43495.76,42318.95,-2893.87,-0.0186,110129.18,0.7224,True
2024-08-01,LATAM,Professional Services,83749.6,82795.24,37687.32,36013.38,-954.36,-0.0114,46781.86,0.565,True
2024-08-01,LATAM,Data & Insights,60786.0,62899.75,19451.52,20444.64,2113.75,0.0348,42455.11,0.675,False
2024-09-01,North America,Enterprise Subscription,1178000.0,1072375.41,282720.0,262768.67,-105624.59,-0.0897,809606.74,0.755,True
2024-09-01,North America,SMB Subscription,713000.0,800813.86,199640.0,225384.63,87813.86,0.1232,575429.23,0.7186,False
2024-09-01,North America,Professional Services,384400.0,376619.93,172980.0,168756.97,-7780.07,-0.0202,207862.96,0.5519,True
2024-09-01,North America,Data & Insights,279000.0,289299.4,89280.0,87769.26,10299.4,0.0369,201530.14,0.6966,False
2024-09-01,Europe,Enterprise Subscription,647900.0,654290.52,155496.0,155190.29,6390.52,0.0099,499100.23,0.7628,False
2024-09-01,Europe,SMB Subscription,392150.0,435627.47,109802.0,121338.35,43477.47,0.1109,314289.12,0.7215,False
2024-09-01,Europe,Professional Services,211420.0,232577.49,95139.0,101194.35,21157.49,0.1001,131383.14,0.5649,False
2024-09-01,Europe,Data & Insights,153450.0,158856.9,49104.0,51321.3,5406.9,0.0352,107535.6,0.6769,False
2024-09-01,APAC,Enterprise Subscription,412300.0,390801.51,98952.0,94291.51,-21498.49,-0.0521,296510.0,0.7587,True
2024-09-01,APAC,SMB Subscription,249550.0,267705.04,69874.0,74229.29,18155.04,0.0728,193475.75,0.7227,False
2024-09-01,APAC,Professional Services,134540.0,120881.8,60543.0,54368.15,-13658.2,-0.1015,66513.65,0.5502,True
2024-09-01,APAC,Data & Insights,97650.0,92362.7,31248.0,29252.52,-5287.3,-0.0541,63110.18,0.6833,True
2024-09-01,LATAM,Enterprise Subscription,259160.0,257891.34,62198.4,58726.84,-1268.66,-0.0049,199164.5,0.7723,True
2024-09-01,LATAM,SMB Subscription,156860.0,141654.07,43920.8,40236.75,-15205.93,-0.0969,101417.32,0.716,True
2024-09-01,LATAM,Professional Services,84568.0,81915.68,38055.6,34025.8,-2652.32,-0.0314,47889.88,0.5846,True
2024-09-01,LATAM,Data & Insights,61380.0,64270.42,19641.6,20734.59,2890.42,0.0471,43535.83,0.6774,False
2024-10-01,North America,Enterprise Subscription,1189400.0,1138455.04,285456.0,262435.31,-50944.96,-0.0428,876019.73,0.7695,True
2024-10-01,North America,SMB Subscription,719900.0,756001.89,201572.0,213899.05,36101.89,0.0501,542102.84,0.7171,False
2024-10-01,North America,Professional Services,388120.0,443604.14,174654.0,202138.23,55484.14,0.143,241465.91,0.5443,False
2024-10-01,North America,Data & Insights,281700.0,288252.96,90144.0,91779.02,6552.96,0.0233,196473.94,0.6816,False
2024-10-01,Europe,Enterprise Subscription,654170.0,686228.62,157000.8,167783.32,32058.62,0.049,518445.3,0.7555,False
2024-10-01,Europe,SMB Subscription,395945.0,425681.86,110864.6,117326.81,29736.86,0.0751,308355.05,0.7244,False
2024-10-01,Europe,Professional Services,213466.0,207889.32,96059.7,92205.59,-5576.68,-0.0261,115683.73,0.5565,True
2024-10-01,Europe,Data & Insights,154935.0,162286.37,49579.2,54266.03,7351.37,0.0474,108020.34,0.6656,False
2024-10-01,APAC,Enterprise Subscription,416290.0,404829.36,99909.6,95920.93,-11460.64,-0.0275,308908.43,0.7631,True
2024-10-01,APAC,SMB Subscription,251965.0,256713.19,70550.2,71349.73,4748.19,0.0188,185363.46,0.7221,False
2024-10-01,APAC,Professional Services,135842.0,143601.73,61128.9,60255.43,7759.73,0.0571,83346.3,0.5804,False
2024-10-01,APAC,Data & Insights,98595.0,93704.46,31550.4,29281.59,-4890.54,-0.0496,64422.87,0.6875,True
2024-10-01,LATAM,Enterprise Subscription,261668.0,225238.22,62800.32,52494.43,-36429.78,-0.1392,172743.79,0.7669,True
2024-10-01,LATAM,SMB Subscription,158378.0,149681.56,44345.84,41657.98,-8696.44,-0.0549,108023.58,0.7217,True
2024-10-01,LATAM,Professional Services,85386.4,91088.33,38423.88,40688.4,5701.93,0.0668,50399.93,0.5533,False
2024-10-01,LATAM,Data & Insights,61974.0,58140.98,19831.68,18573.32,-3833.02,-0.0618,39567.66,0.6805,True
2024-11-01,North America,Enterprise Subscription,1200800.0,1276390.86,288192.0,297364.73,75590.86,0.063,979026.13,0.767,False
2024-11-01,North America,SMB Subscription,726800.0,687091.65,203504.0,195609.37,-39708.35,-0.0546,491482.28,0.7153,True
2024-11-01,North America,Professional Services,391840.0,386631.6,176328.0,177363.78,-5208.4,-0.0133,209267.82,0.5413,True
2024-11-01,North America,Data & Insights,284400.0,284167.13,91008.0,92847.62,-232.87,-0.0008,191319.51,0.6733,True
2024-11-01,Europe,Enterprise Subscription,660440.0,619423.58,158505.6,148607.76,-41016.42,-0.0621,470815.82,0.7601,True
2024-11-01,Europe,SMB Subscription,399740.0,394686.73,111927.2,106481.16,-5053.27,-0.0126,288205.57,0.7302,True
2024-11-01,Europe,Professional Services,215512.0,195295.1,96980.4,89690.76,-20216.9,-0.0938,105604.34,0.5407,True
2024-11-01,Europe,Data & Insights,156420.0,153126.24,50054.4,47497.63,-3293.76,-0.0211,105628.61,0.6898,True
2024-11-01,APAC,Enterprise Subscription,420280.0,417854.67,100867.2,103678.83,-2425.33,-0.0058,314175.84,0.7519,True
2024-11-01,APAC,SMB Subscription,254380.0,219569.55,71226.4,58719.1,-34810.45,-0.1368,160850.45,0.7326,True
2024-11-01,APAC,Professional Services,137144.0,129549.9,61714.8,60852.95,-7594.1,-0.0554,68696.95,0.5303,True
2024-11-01,APAC,Data & Insights,99540.0,101227.72,31852.8,33138.54,1687.72,0.017,68089.18,0.6726,False
2024-11-01,LATAM,Enterprise Subscription,264176.0,246103.81,63402.24,57081.16,-18072.19,-0.0684,189022.65,0.7681,True
2024-11-01,LATAM,SMB Subscription,159896.0,164192.22,44770.88,46054.19,4296.22,0.0269,118138.03,0.7195,False
2024-11-01,LATAM,Professional Services,86204.8,89043.04,38792.16,39843.77,2838.24,0.0329,49199.27,0.5525,False
2024-11-01,LATAM,Data & Insights,62568.0,63612.17,20021.76,20452.46,1044.17,0.0167,43159.71,0.6785,False
2024-12-01,North America,Enterprise Subscription,1212200.0,1268768.58,290928.0,311876.59,56568.58,0.0467,956891.99,0.7542,False
2024-12-01,North America,SMB Subscription,733700.0,662390.0,205436.0,172965.23,-71310.0,-0.0972,489424.77,0.7389,True
2024-12-01,North America,Professional Services,395560.0,419335.02,178002.0,195424.5,23775.02,0.0601,223910.52,0.534,False
2024-12-01,North America,Data & Insights,287100.0,269518.75,91872.0,81433.9,-17581.25,-0.0612,188084.85,0.6979,True
2024-12-01,Europe,Enterprise Subscription,666710.0,670671.65,160010.4,165456.06,3961.65,0.0059,505215.59,0.7533,False
2024-12-01,Europe,SMB Subscription,403535.0,447058.54,112989.8,127115.24,43523.54,0.1079,319943.3,0.7157,False
2024-12-01,Europe,Professional Services,217558.0,212705.8,97901.1,93152.96,-4852.2,-0.0223,119552.84,0.5621,True
2024-12-01,Europe,Data & Insights,157905.0,158013.49,50529.6,50110.35,108.49,0.0007,107903.14,0.6829,False
2024-12-01,APAC,Enterprise Subscription,424270.0,398430.23,101824.8,101500.52,-25839.77,-0.0609,296929.71,0.7452,True
2024-12-01,APAC,SMB Subscription,256795.0,284300.34,71902.6,82317.12,27505.34,0.1071,201983.22,0.7105,False
2024-12-01,APAC,Professional Services,138446.0,130796.72,62300.7,60368.28,-7649.28,-0.0553,70428.44,0.5385,True
2024-12-01,APAC,Data & Insights,100485.0,104341.37,32155.2,33832.53,3856.37,0.0384,70508.84,0.6758,False
2024-12-01,LATAM,Enterprise Subscription,266684.0,286679.94,64004.16,70114.65,19995.94,0.075,216565.29,0.7554,False
2024-12-01,LATAM,SMB Subscription,161414.0,168580.92,45195.92,48104.57,7166.92,0.0444,120476.35,0.7146,False
2024-12-01,LATAM,Professional Services,87023.2,88802.61,39160.44,37822.92,1779.41,0.0204,50979.69,0.5741,False
2024-12-01,LATAM,Data & Insights,63162.0,63478.9,20211.84,19974.31,316.9,0.005,43504.59,0.6853,False
2025-01-01,North America,Enterprise Subscription,1223600.0,1129639.2,293664.0,284792.3,-93960.8,-0.0768,844846.9,0.7479,True
2025-01-01,North America,SMB Subscription,740600.0,817429.64,207368.0,238213.26,76829.64,0.1037,579216.38,0.7086,False
2025-01-01,North America,Professional Services,399280.0,405394.1,179676.0,189819.07,6114.1,0.0153,215575.03,0.5318,False
2025-01-01,North America,Data & Insights,289800.0,290009.58,92736.0,93367.67,209.58,0.0007,196641.91,0.6781,False
2025-01-01,Europe,Enterprise Subscription,672980.0,628826.94,161515.2,152715.86,-44153.06,-0.0656,476111.08,0.7571,True
2025-01-01,Europe,SMB Subscription,407330.0,408805.82,114052.4,109992.36,1475.82,0.0036,298813.46,0.7309,False
2025-01-01,Europe,Professional Services,219604.0,218929.41,98821.8,98282.59,-674.59,-0.0031,120646.82,0.5511,True
2025-01-01,Europe,Data & Insights,159390.0,176580.8,51004.8,58021.7,17190.8,0.1079,118559.1,0.6714,False
2025-01-01,APAC,Enterprise Subscription,428260.0,428554.1,102782.4,103620.64,294.1,0.0007,324933.46,0.7582,False
2025-01-01,APAC,SMB Subscription,259210.0,259897.62,72578.8,72328.34,687.62,0.0027,187569.28,0.7217,False
2025-01-01,APAC,Professional Services,139748.0,130671.98,62886.6,58535.92,-9076.02,-0.0649,72136.06,0.552,True
2025-01-01,APAC,Data & Insights,101430.0,96889.4,32457.6,29841.64,-4540.6,-0.0448,67047.76,0.692,True
2025-01-01,LATAM,Enterprise Subscription,269192.0,277449.01,64606.08,67369.37,8257.01,0.0307,210079.64,0.7572,False
2025-01-01,LATAM,SMB Subscription,162932.0,145465.29,45620.96,40580.37,-17466.71,-0.1072,104884.92,0.721,True
2025-01-01,LATAM,Professional Services,87841.6,93089.44,39528.72,43221.38,5247.84,0.0597,49868.06,0.5357,False
2025-01-01,LATAM,Data & Insights,63756.0,67680.2,20401.92,21682.95,3924.2,0.0616,45997.25,0.6796,False
2025-02-01,North America,Enterprise Subscription,1235000.0,1172382.14,296400.0,272224.05,-62617.86,-0.0507,900158.09,0.7678,True
2025-02-01,North America,SMB Subscription,747500.0,762955.53,209300.0,216058.29,15455.53,0.0207,546897.24,0.7168,False
2025-02-01,North America,Professional Services,403000.0,434127.67,181350.0,201804.13,31127.67,0.0772,232323.54,0.5352,False
2025-02-01,North America,Data & Insights,292500.0,290179.39,93600.0,89391.39,-2320.61,-0.0079,200788.0,0.6919,True
2025-02-01,Europe,Enterprise Subscription,679250.0,666244.81,163020.0,160940.8,-13005.19,-0.0191,505304.01,0.7584,True
2025-02-01,Europe,SMB Subscription,411125.0,406140.11,115115.0,111747.7,-4984.89,-0.0121,294392.41,0.7249,True
2025-02-01,Europe,Professional Services,221650.0,225013.12,99742.5,99725.04,3363.12,0.0152,125288.08,0.5568,False
2025-02-01,Europe,Data & Insights,160875.0,154812.59,51480.0,50002.91,-6062.41,-0.0377,104809.68,0.677,True
2025-02-01,APAC,Enterprise Subscription,432250.0,421824.32,103740.0,101979.22,-10425.68,-0.0241,319845.1,0.7582,True
2025-02-01,APAC,SMB Subscription,261625.0,265913.62,73255.0,71910.7,4288.62,0.0164,194002.92,0.7296,False
2025-02-01,APAC,Professional Services,141050.0,136977.26,63472.5,64298.49,-4072.74,-0.0289,72678.77,0.5306,True
2025-02-01,APAC,Data & Insights,102375.0,95236.93,32760.0,28540.61,-7138.07,-0.0697,66696.32,0.7003,True
2025-02-01,LATAM,Enterprise Subscription,271700.0,241348.2,65208.0,57974.15,-30351.8,-0.1117,183374.05,0.7598,True
2025-02-01,LATAM,SMB Subscription,164450.0,164755.06,46046.0,45968.65,305.06,0.0019,118786.41,0.721,False
2025-02-01,LATAM,Professional Services,88660.0,95119.0,39897.0,39371.35,6459.0,0.0729,55747.65,0.5861,False
2025-02-01,LATAM,Data & Insights,64350.0,65878.7,20592.0,22068.69,1528.7,0.0238,43810.01,0.665,False
2025-03-01,North America,Enterprise Subscription,1246400.0,1162060.04,299136.0,275716.63,-84339.96,-0.0677,886343.41,0.7627,True
2025-03-01,North America,SMB Subscription,754400.0,720321.1,211232.0,196278.49,-34078.9,-0.0452,524042.61,0.7275,True
2025-03-01,North America,Professional Services,406720.0,398758.16,183024.0,187125.66,-7961.84,-0.0196,211632.5,0.5307,True
2025-03-01,North America,Data & Insights,295200.0,327743.79,94464.0,103821.03,32543.79,0.1102,223922.76,0.6832,False
2025-03-01,Europe,Enterprise Subscription,685520.0,763877.41,164524.8,183526.25,78357.41,0.1143,580351.16,0.7597,False
2025-03-01,Europe,SMB Subscription,414920.0,458578.49,116177.6,128042.58,43658.49,0.1052,330535.91,0.7208,False
2025-03-01,Europe,Professional Services,223696.0,225455.03,100663.2,102567.14,1759.03,0.0079,122887.89,0.5451,False
2025-03-01,Europe,Data & Insights,162360.0,193327.12,51955.2,63444.61,30967.12,0.1907,129882.51,0.6718,False
2025-03-01,APAC,Enterprise Subscription,436240.0,417727.78,104697.6,103169.06,-18512.22,-0.0424,314558.72,0.753,True
2025-03-01,APAC,SMB Subscription,264040.0,258307.7,73931.2,71263.5,-5732.3,-0.0217,187044.2,0.7241,True
2025-03-01,APAC,Professional Services,142352.0,150112.47,64058.4,67613.61,7760.47,0.0545,82498.86,0.5496,False
2025-03-01,APAC,Data & Insights,103320.0,105046.95,33062.4,33629.13,1726.95,0.0167,71417.82,0.6799,False
2025-03-01,LATAM,Enterprise Subscription,274208.0,279745.63,65809.92,67994.9,5537.63,0.0202,211750.73,0.7569,False
2025-03-01,LATAM,SMB Subscription,165968.0,146679.53,46471.04,41891.56,-19288.47,-0.1162,104787.97,0.7144,True
2025-03-01,LATAM,Professional Services,89478.4,84206.23,40265.28,36253.22,-5272.17,-0.0589,47953.01,0.5695,True
2025-03-01,LATAM,Data & Insights,64944.0,64716.39,20782.08,20761.42,-227.61,-0.0035,43954.97,0.6792,True
2025-04-01,North America,Enterprise Subscription,1257800.0,1205462.48,301872.0,296523.79,-52337.52,-0.0416,908938.69,0.754,True
2025-04-01,North America,SMB Subscription,761300.0,699992.12,213164.0,193604.99,-61307.88,-0.0805,506387.13,0.7234,True
2025-04-01,North America,Professional Services,410440.0,396036.66,184698.0,177967.42,-14403.34,-0.0351,218069.24,0.5506,True
2025-04-01,North America,Data & Insights,297900.0,302884.42,95328.0,93992.37,4984.42,0.0167,208892.05,0.6897,False
2025-04-01,Europe,Enterprise Subscription,691790.0,721853.09,166029.6,173572.19,30063.09,0.0435,548280.9,0.7595,False
2025-04-01,Europe,SMB Subscription,418715.0,371183.82,117240.2,97824.69,-47531.18,-0.1135,273359.13,0.7365,True
2025-04-01,Europe,Professional Services,225742.0,225575.14,101583.9,100835.91,-166.86,-0.0007,124739.23,0.553,True
2025-04-01,Europe,Data & Insights,163845.0,162828.31,52430.4,52061.32,-1016.69,-0.0062,110766.99,0.6803,True
2025-04-01,APAC,Enterprise Subscription,440230.0,446187.89,105655.2,110129.47,5957.89,0.0135,336058.42,0.7532,False
2025-04-01,APAC,SMB Subscription,266455.0,248691.43,74607.4,67185.34,-17763.57,-0.0667,181506.09,0.7298,True
2025-04-01,APAC,Professional Services,143654.0,134230.38,64644.3,60927.22,-9423.62,-0.0656,73303.16,0.5461,True
2025-04-01,APAC,Data & Insights,104265.0,112053.27,33364.8,35393.05,7788.27,0.0747,76660.22,0.6841,False
2025-04-01,LATAM,Enterprise Subscription,276716.0,235180.38,66411.84,53557.92,-41535.62,-0.1501,181622.46,0.7723,True
2025-04-01,LATAM,SMB Subscription,167486.0,159114.68,46896.08,43806.67,-8371.32,-0.05,115308.01,0.7247,True
2025-04-01,LATAM,Professional Services,90296.8,88084.23,40633.56,39683.78,-2212.57,-0.0245,48400.45,0.5495,True
2025-04-01,LATAM,Data & Insights,65538.0,64312.13,20972.16,21227.74,-1225.87,-0.0187,43084.39,0.6699,True
2025-05-01,North America,Enterprise Subscription,1269200.0,1217719.93,304608.0,284692.34,-51480.07,-0.0406,933027.59,0.7662,True
2025-05-01,North America,SMB Subscription,768200.0,790272.33,215096.0,211082.22,22072.33,0.0287,579190.11,0.7329,False
2025-05-01,North America,Professional Services,414160.0,423843.68,186372.0,191316.46,9683.68,0.0234,232527.22,0.5486,False
2025-05-01,North America,Data & Insights,300600.0,297940.73,96192.0,99883.87,-2659.27,-0.0088,198056.86,0.6648,True
2025-05-01,Europe,Enterprise Subscription,698060.0,671999.71,167534.4,171248.47,-26060.29,-0.0373,500751.24,0.7452,True
2025-05-01,Europe,SMB Subscription,422510.0,416795.18,118302.8,112231.71,-5714.82,-0.0135,304563.47,0.7307,True
2025-05-01,Europe,Professional Services,227788.0,228743.61,102504.6,99611.14,955.61,0.0042,129132.47,0.5645,False
2025-05-01,Europe,Data & Insights,165330.0,157872.73,52905.6,51121.01,-7457.27,-0.0451,106751.72,0.6762,True
2025-05-01,APAC,Enterprise Subscription,444220.0,459028.04,106612.8,108110.46,14808.04,0.0333,350917.58,0.7645,False
2025-05-01,APAC,SMB Subscription,268870.0,284799.02,75283.6,82512.84,15929.02,0.0592,202286.18,0.7103,False
2025-05-01,APAC,Professional Services,144956.0,157448.03,65230.2,71976.91,12492.03,0.0862,85471.12,0.5429,False
2025-05-01,APAC,Data & Insights,105210.0,113816.78,33667.2,34366.33,8606.78,0.0818,79450.45,0.6981,False
2025-05-01,LATAM,Enterprise Subscription,279224.0,273897.97,67013.76,64025.72,-5326.03,-0.0191,209872.25,0.7662,True
2025-05-01,LATAM,SMB Subscription,169004.0,170212.98,47321.12,46842.58,1208.98,0.0072,123370.4,0.7248,False
2025-05-01,LATAM,Professional Services,91115.2,90206.83,41001.84,42885.17,-908.37,-0.01,47321.66,0.5246,True
2025-05-01,LATAM,Data & Insights,66132.0,65458.57,21162.24,21206.77,-673.43,-0.0102,44251.8,0.676,True
2025-06-01,North America,Enterprise Subscription,1280600.0,1262753.35,307344.0,303749.18,-17846.65,-0.0139,959004.17,0.7595,True
2025-06-01,North America,SMB Subscription,775100.0,775379.81,217028.0,220026.37,279.81,0.0004,555353.44,0.7162,False
2025-06-01,North America,Professional Services,417880.0,447097.52,188046.0,211137.25,29217.52,0.0699,235960.27,0.5278,False
2025-06-01,North America,Data & Insights,303300.0,308934.47,97056.0,100607.49,5634.47,0.0186,208326.98,0.6743,False
2025-06-01,Europe,Enterprise Subscription,704330.0,655694.7,169039.2,156951.86,-48635.3,-0.0691,498742.84,0.7606,True
2025-06-01,Europe,SMB Subscription,426305.0,450356.01,119365.4,129375.63,24051.01,0.0564,320980.38,0.7127,False
2025-06-01,Europe,Professional Services,229834.0,232752.11,103425.3,107523.63,2918.11,0.0127,125228.48,0.538,False
2025-06-01,Europe,Data & Insights,166815.0,171727.03,53380.8,56931.45,4912.03,0.0294,114795.58,0.6685,False
2025-06-01,APAC,Enterprise Subscription,448210.0,455991.62,107570.4,108270.18,7781.62,0.0174,347721.44,0.7626,False
2025-06-01,APAC,SMB Subscription,271285.0,276751.52,75959.8,70677.64,5466.52,0.0202,206073.88,0.7446,False
2025-06-01,APAC,Professional Services,146258.0,149618.01,65816.1,59958.88,3360.01,0.023,89659.13,0.5993,False
2025-06-01,APAC,Data & Insights,106155.0,95177.74,33969.6,30869.66,-10977.26,-0.1034,64308.08,0.6757,True
2025-06-01,LATAM,Enterprise Subscription,281732.0,289804.12,67615.68,67127.48,8072.12,0.0287,222676.64,0.7684,False
2025-06-01,LATAM,SMB Subscription,170522.0,163236.26,47746.16,47585.42,-7285.74,-0.0427,115650.84,0.7085,True
2025-06-01,LATAM,Professional Services,91933.6,89263.68,41370.12,42871.51,-2669.92,-0.029,46392.17,0.5197,True
2025-06-01,LATAM,Data & Insights,66726.0,66718.31,21352.32,21611.21,-7.69,-0.0001,45107.1,0.6761,True
2025-07-01,North America,Enterprise Subscription,1292000.0,1332299.7,310080.0,321008.81,40299.7,0.0312,1011290.89,0.7591,False
2025-07-01,North America,SMB Subscription,782000.0,690871.82,218960.0,192807.33,-91128.18,-0.1165,498064.49,0.7209,True
2025-07-01,North America,Professional Services,421600.0,395457.24,189720.0,170669.85,-26142.76,-0.062,224787.39,0.5684,True
2025-07-01,North America,Data & Insights,306000.0,283224.75,97920.0,88613.93,-22775.25,-0.0744,194610.82,0.6871,True
2025-07-01,Europe,Enterprise Subscription,710600.0,705010.26,170544.0,169378.16,-5589.74,-0.0079,535632.1,0.7598,True
2025-07-01,Europe,SMB Subscription,430100.0,397434.04,120428.0,110927.05,-32665.96,-0.0759,286506.99,0.7209,True
2025-07-01,Europe,Professional Services,231880.0,220885.2,104346.0,101237.65,-10994.8,-0.0474,119647.55,0.5417,True
2025-07-01,Europe,Data & Insights,168300.0,148712.61,53856.0,46101.02,-19587.39,-0.1164,102611.59,0.69,True
2025-07-01,APAC,Enterprise Subscription,452200.0,453241.83,108528.0,107432.44,1041.83,0.0023,345809.39,0.763,False
2025-07-01,APAC,SMB Subscription,273700.0,235406.66,76636.0,66791.47,-38293.34,-0.1399,168615.19,0.7163,True
2025-07-01,APAC,Professional Services,147560.0,142562.74,66402.0,61207.22,-4997.26,-0.0339,81355.52,0.5707,True
2025-07-01,APAC,Data & Insights,107100.0,102060.17,34272.0,33379.96,-5039.83,-0.0471,68680.21,0.6729,True
2025-07-01,LATAM,Enterprise Subscription,284240.0,273187.44,68217.6,66808.06,-11052.56,-0.0389,206379.38,0.7554,True
2025-07-01,LATAM,SMB Subscription,172040.0,148091.9,48171.2,41877.54,-23948.1,-0.1392,106214.36,0.7172,True
2025-07-01,LATAM,Professional Services,92752.0,85603.81,41738.4,37963.78,-7148.19,-0.0771,47640.03,0.5565,True
2025-07-01,LATAM,Data & Insights,67320.0,66586.17,21542.4,22253.17,-733.83,-0.0109,44333.0,0.6658,True
2025-08-01,North America,Enterprise Subscription,1303400.0,1357103.3,312816.0,338551.97,53703.3,0.0412,1018551.33,0.7505,False
2025-08-01,North America,SMB Subscription,788900.0,736683.49,220892.0,208454.06,-52216.51,-0.0662,528229.43,0.717,True
2025-08-01,North America,Professional Services,425320.0,418195.38,191394.0,188872.05,-7124.62,-0.0168,229323.33,0.5484,True
2025-08-01,North America,Data & Insights,308700.0,292454.69,98784.0,95898.24,-16245.31,-0.0526,196556.45,0.6721,True
2025-08-01,Europe,Enterprise Subscription,716870.0,671460.92,172048.8,157624.87,-45409.08,-0.0633,513836.05,0.7653,True
2025-08-01,Europe,SMB Subscription,433895.0,397718.45,121490.6,113478.96,-36176.55,-0.0834,284239.49,0.7147,True
2025-08-01,Europe,Professional Services,233926.0,219929.93,105266.7,99978.57,-13996.07,-0.0598,119951.36,0.5454,True
2025-08-01,Europe,Data & Insights,169785.0,166014.49,54331.2,52527.24,-3770.51,-0.0222,113487.25,0.6836,True
2025-08-01,APAC,Enterprise Subscription,456190.0,448276.2,109485.6,108809.04,-7913.8,-0.0173,339467.16,0.7573,True
2025-08-01,APAC,SMB Subscription,276115.0,240318.5,77312.2,70200.72,-35796.5,-0.1296,170117.78,0.7079,True
2025-08-01,APAC,Professional Services,148862.0,135726.12,66987.9,58044.12,-13135.88,-0.0882,77682.0,0.5723,True
2025-08-01,APAC,Data & Insights,108045.0,95194.08,34574.4,29529.01,-12850.92,-0.1189,65665.07,0.6898,True
2025-08-01,LATAM,Enterprise Subscription,286748.0,270386.9,68819.52,64359.73,-16361.1,-0.0571,206027.17,0.762,True
2025-08-01,LATAM,SMB Subscription,173558.0,159847.38,48596.24,45589.35,-13710.62,-0.079,114258.03,0.7148,True
2025-08-01,LATAM,Professional Services,93570.4,89749.82,42106.68,40770.35,-3820.58,-0.0408,48979.47,0.5457,True
2025-08-01,LATAM,Data & Insights,67914.0,65408.95,21732.48,21317.75,-2505.05,-0.0369,44091.2,0.6741,True
2025-09-01,North America,Enterprise Subscription,1314800.0,1079597.31,315552.0,256270.54,-235202.69,-0.1789,823326.77,0.7626,True
2025-09-01,North America,SMB Subscription,795800.0,650197.37,222824.0,182252.21,-145602.63,-0.183,467945.16,0.7197,True
2025-09-01,North America,Professional Services,429040.0,403185.49,193068.0,187124.31,-25854.51,-0.0603,216061.18,0.5359,True
2025-09-01,North America,Data & Insights,311400.0,313574.38,99648.0,100954.22,2174.38,0.007,212620.16,0.6781,False
2025-09-01,Europe,Enterprise Subscription,723140.0,659344.33,173553.6,160545.83,-63795.67,-0.0882,498798.5,0.7565,True
2025-09-01,Europe,SMB Subscription,437690.0,398396.58,122553.2,111546.38,-39293.42,-0.0898,286850.2,0.72,True
2025-09-01,Europe,Professional Services,235972.0,234937.99,106187.4,103953.03,-1034.01,-0.0044,130984.96,0.5575,True
2025-09-01,Europe,Data & Insights,171270.0,168776.36,54806.4,55106.0,-2493.64,-0.0146,113670.36,0.6735,True
2025-09-01,APAC,Enterprise Subscription,460180.0,407788.39,110443.2,100728.64,-52391.61,-0.1139,307059.75,0.753,True
2025-09-01,APAC,SMB Subscription,278530.0,272792.04,77988.4,76615.33,-5737.96,-0.0206,196176.71,0.7191,True
2025-09-01,APAC,Professional Services,150164.0,134697.85,67573.8,59051.64,-15466.15,-0.103,75646.21,0.5616,True
2025-09-01,APAC,Data & Insights,108990.0,99145.57,34876.8,32243.02,-9844.43,-0.0903,66902.55,0.6748,True
2025-09-01,LATAM,Enterprise Subscription,289256.0,256310.53,69421.44,62321.93,-32945.47,-0.1139,193988.6,0.7568,True
2025-09-01,LATAM,SMB Subscription,175076.0,152309.99,49021.28,42385.71,-22766.01,-0.13,109924.28,0.7217,True
2025-09-01,LATAM,Professional Services,94388.8,89309.18,42474.96,43137.16,-5079.62,-0.0538,46172.02,0.517,True
2025-09-01,LATAM,Data & Insights,68508.0,59075.78,21922.56,19739.07,-9432.22,-0.1377,39336.71,0.6659,True
2025-10-01,North America,Enterprise Subscription,1326200.0,1338123.26,318288.0,325111.01,11923.26,0.009,1013012.25,0.757,False
2025-10-01,North America,SMB Subscription,802700.0,808399.87,224756.0,229371.91,5699.87,0.0071,579027.96,0.7163,False
2025-10-01,North America,Professional Services,432760.0,428769.47,194742.0,201362.87,-3990.53,-0.0092,227406.6,0.5304,True
2025-10-01,North America,Data & Insights,314100.0,305497.34,100512.0,101079.74,-8602.66,-0.0274,204417.6,0.6691,True
2025-10-01,Europe,Enterprise Subscription,729410.0,701209.53,175058.4,167986.09,-28200.47,-0.0387,533223.44,0.7604,True
2025-10-01,Europe,SMB Subscription,441485.0,413089.68,123615.8,117244.02,-28395.32,-0.0643,295845.66,0.7162,True
2025-10-01,Europe,Professional Services,238018.0,258655.96,107108.1,116125.07,20637.96,0.0867,142530.89,0.551,False
2025-10-01,Europe,Data & Insights,172755.0,170714.22,55281.6,52801.85,-2040.78,-0.0118,117912.37,0.6907,True
2025-10-01,APAC,Enterprise Subscription,464170.0,457784.15,111400.8,104618.27,-6385.85,-0.0138,353165.88,0.7715,True
2025-10-01,APAC,SMB Subscription,280945.0,265556.89,78664.6,74861.82,-15388.11,-0.0548,190695.07,0.7181,True
2025-10-01,APAC,Professional Services,151466.0,163453.14,68159.7,79752.77,11987.14,0.0791,83700.37,0.5121,False
2025-10-01,APAC,Data & Insights,109935.0,106065.83,35179.2,35402.53,-3869.17,-0.0352,70663.3,0.6662,True
2025-10-01,LATAM,Enterprise Subscription,291764.0,296031.09,70023.36,70725.09,4267.09,0.0146,225306.0,0.7611,False
2025-10-01,LATAM,SMB Subscription,176594.0,181177.62,49446.32,50823.96,4583.62,0.026,130353.66,0.7195,False
2025-10-01,LATAM,Professional Services,95207.2,95837.83,42843.24,42598.72,630.63,0.0066,53239.11,0.5555,False
2025-10-01,LATAM,Data & Insights,69102.0,63305.27,22112.64,19319.58,-5796.73,-0.0839,43985.69,0.6948,True
2025-11-01,North America,Enterprise Subscription,1337600.0,1390026.82,321024.0,330837.17,52426.82,0.0392,1059189.65,0.762,False
2025-11-01,North America,SMB Subscription,809600.0,780644.39,226688.0,218636.2,-28955.61,-0.0358,562008.19,0.7199,True
2025-11-01,North America,Professional Services,436480.0,457298.32,196416.0,206897.73,20818.32,0.0477,250400.59,0.5476,False
2025-11-01,North America,Data & Insights,316800.0,304329.71,101376.0,100968.2,-12470.29,-0.0394,203361.51,0.6682,True
2025-11-01,Europe,Enterprise Subscription,735680.0,805386.51,176563.2,196160.59,69706.51,0.0948,609225.92,0.7564,False
2025-11-01,Europe,SMB Subscription,445280.0,471293.17,124678.4,136878.84,26013.17,0.0584,334414.33,0.7096,False
2025-11-01,Europe,Professional Services,240064.0,256341.77,108028.8,117478.96,16277.77,0.0678,138862.81,0.5417,False
2025-11-01,Europe,Data & Insights,174240.0,180495.36,55756.8,58658.96,6255.36,0.0359,121836.4,0.675,False
2025-11-01,APAC,Enterprise Subscription,468160.0,437336.22,112358.4,107167.15,-30823.78,-0.0658,330169.07,0.755,True
2025-11-01,APAC,SMB Subscription,283360.0,260308.99,79340.8,71149.05,-23051.01,-0.0813,189159.94,0.7267,True
2025-11-01,APAC,Professional Services,152768.0,164716.58,68745.6,75990.84,11948.58,0.0782,88725.74,0.5387,False
2025-11-01,APAC,Data & Insights,110880.0,120775.36,35481.6,38333.13,9895.36,0.0892,82442.23,0.6826,False
2025-11-01,LATAM,Enterprise Subscription,294272.0,273927.53,70625.28,65268.4,-20344.47,-0.0691,208659.13,0.7617,True
2025-11-01,LATAM,SMB Subscription,178112.0,179202.38,49871.36,50295.57,1090.38,0.0061,128906.81,0.7193,False
2025-11-01,LATAM,Professional Services,96025.6,102557.34,43211.52,45650.62,6531.74,0.068,56906.72,0.5549,False
2025-11-01,LATAM,Data & Insights,69696.0,71168.12,22302.72,22098.36,1472.12,0.0211,49069.76,0.6895,False
2025-12-01,North America,Enterprise Subscription,1349000.0,1385448.68,323760.0,332538.69,36448.68,0.027,1052909.99,0.76,False
2025-12-01,North America,SMB Subscription,816500.0,779766.64,228620.0,216789.97,-36733.36,-0.045,562976.67,0.722,True
2025-12-01,North America,Professional Services,440200.0,435335.55,198090.0,194313.29,-4864.45,-0.0111,241022.26,0.5536,True
2025-12-01,North America,Data & Insights,319500.0,353456.61,102240.0,112772.07,33956.61,0.1063,240684.54,0.6809,False
2025-12-01,Europe,Enterprise Subscription,741950.0,731092.48,178068.0,164421.49,-10857.52,-0.0146,566670.99,0.7751,True
2025-12-01,Europe,SMB Subscription,449075.0,424981.03,125741.0,118055.56,-24093.97,-0.0537,306925.47,0.7222,True
2025-12-01,Europe,Professional Services,242110.0,232146.89,108949.5,108796.35,-9963.11,-0.0412,123350.54,0.5313,True
2025-12-01,Europe,Data & Insights,175725.0,173985.98,56232.0,57827.56,-1739.02,-0.0099,116158.42,0.6676,True
2025-12-01,APAC,Enterprise Subscription,472150.0,473898.03,113316.0,113862.55,1748.03,0.0037,360035.48,0.7597,False
2025-12-01,APAC,SMB Subscription,285775.0,284252.45,80017.0,79599.75,-1522.55,-0.0053,204652.7,0.72,True
2025-12-01,APAC,Professional Services,154070.0,169958.88,69331.5,71159.28,15888.88,0.1031,98799.6,0.5813,False
2025-12-01,APAC,Data & Insights,111825.0,98395.63,35784.0,30973.52,-13429.37,-0.1201,67422.11,0.6852,True
2025-12-01,LATAM,Enterprise Subscription,296780.0,297038.7,71227.2,72765.2,258.7,0.0009,224273.5,0.755,False
2025-12-01,LATAM,SMB Subscription,179630.0,184728.84,50296.4,51127.83,5098.84,0.0284,133601.01,0.7232,False
2025-12-01,LATAM,Professional Services,96844.0,102765.3,43579.8,47673.61,5921.3,0.0611,55091.69,0.5361,False
2025-12-01,LATAM,Data & Insights,70290.0,71066.25,22492.8,23397.96,776.25,0.011,47668.29,0.6708,False
