month,region,business_unit,budget_revenue,actual_revenue,budget_cogs,actual_cogs
2023-01-01,North America,Enterprise Subscription,950000.0,967368.87,228000.0,224924.98
2023-01-01,North America,SMB Subscription,575000.0,600890.57,161000.0,172996.84
2023-01-01,North America,Professional Services,310000.0,273710.75,139500.0,118358.16
2023-01-01,North America,Data & Insights,225000.0,226725.85,72000.0,71863.95
2023-01-01,Europe,Enterprise Subscription,522500.0,521973.28,125400.0,122067.67
2023-01-01,Europe,SMB Subscription,316250.0,332936.58,88550.0,95397.47
2023-01-01,Europe,Professional Services,170500.0,171175.49,76725.0,79633.88
2023-01-01,Europe,Data & Insights,123750.0,127221.26,39600.0,39661.33
2023-01-01,APAC,Enterprise Subscription,332500.0,339856.58,79800.0,79219.22
2023-01-01,APAC,SMB Subscription,201250.0,211857.29,56350.0,59231.19
2023-01-01,APAC,Professional Services,108500.0,107296.55,48825.0,47297.12
2023-01-01,APAC,Data & Insights,78750.0,84526.51,25200.0,26923.09
2023-01-01,LATAM,Enterprise Subscription,209000.0,203628.77,50160.0,48354.63
2023-01-01,LATAM,SMB Subscription,126500.0,130540.23,35420.0,36951.99
2023-01-01,LATAM,Professional Services,68200.0,69888.9,30690.0,31856.49
2023-01-01,LATAM,Data & Insights,49500.0,55860.69,15840.0,17657.48
2023-02-01,North America,Enterprise Subscription,961400.0,931851.79,230736.0,218184.56
2023-02-01,North America,SMB Subscription,581900.0,603406.31,162932.0,174676.09
2023-02-01,North America,Professional Services,313720.0,311575.14,141174.0,136674.89
2023-02-01,North America,Data & Insights,227700.0,216435.94,72864.0,70611.29
2023-02-01,Europe,Enterprise Subscription,528770.0,552350.63,126904.8,134724.23
2023-02-01,Europe,SMB Subscription,320045.0,307265.42,89612.6,86633.53
2023-02-01,Europe,Professional Services,172546.0,173754.02,77645.7,78702.28
2023-02-01,Europe,Data & Insights,125235.0,131783.0,40075.2,42453.44
2023-02-01,APAC,Enterprise Subscription,336490.0,350196.86,80757.6,84217.64
2023-02-01,APAC,SMB Subscription,203665.0,207198.01,57026.2,59114.18
2023-02-01,APAC,Professional Services,109802.0,100202.08,49410.9,44658.51
2023-02-01,APAC,Data & Insights,79695.0,77445.82,25502.4,24307.67
2023-02-01,LATAM,Enterprise Subscription,211508.0,208016.31,50761.92,52162.91
2023-02-01,LATAM,SMB Subscription,128018.0,121367.48,35845.04,34970.04
2023-02-01,LATAM,Professional Services,69018.4,62049.46,31058.28,27641.74
2023-02-01,LATAM,Data & Insights,50094.0,50583.18,16030.08,16471.29
2023-03-01,North America,Enterprise Subscription,972800.0,1014312.87,233472.0,249228.95
2023-03-01,North America,SMB Subscription,588800.0,576480.24,164864.0,159175.56
2023-03-01,North America,Professional Services,317440.0,333781.35,142848.0,149339.58
2023-03-01,North America,Data & Insights,230400.0,212764.91,73728.0,65769.98
2023-03-01,Europe,Enterprise Subscription,535040.0,505523.37,128409.6,123135.16
2023-03-01,Europe,SMB Subscription,323840.0,326607.39,90675.2,93344.42
2023-03-01,Europe,Professional Services,174592.0,170116.31,78566.4,76916.44
2023-03-01,Europe,Data & Insights,126720.0,131476.49,40550.4,41682.03
2023-03-01,APAC,Enterprise Subscription,340480.0,349811.37,81715.2,82287.57
2023-03-01,APAC,SMB Subscription,206080.0,201590.91,57702.4,55799.03
2023-03-01,APAC,Professional Services,111104.0,103132.25,49996.8,47087.52
2023-03-01,APAC,Data & Insights,80640.0,78368.84,25804.8,25087.43
2023-03-01,LATAM,Enterprise Subscription,214016.0,220189.25,51363.84,53553.33
2023-03-01,LATAM,SMB Subscription,129536.0,134707.48,36270.08,37606.65
2023-03-01,LATAM,Professional Services,69836.8,68063.09,31426.56,30555.14
2023-03-01,LATAM,Data & Insights,50688.0,45556.34,16220.16,13945.15
2023-04-01,North America,Enterprise Subscription,984200.0,906091.94,236208.0,210956.17
2023-04-01,North America,SMB Subscription,595700.0,609988.73,166796.0,166157.26
2023-04-01,North America,Professional Services,321160.0,313872.96,144522.0,146748.03
2023-04-01,North America,Data & Insights,233100.0,228117.29,74592.0,74612.64
2023-04-01,Europe,Enterprise Subscription,541310.0,510987.4,129914.4,121881.15
2023-04-01,Europe,SMB Subscription,327635.0,308959.37,91737.8,85628.75
2023-04-01,Europe,Professional Services,176638.0,185543.82,79487.1,79168.06
2023-04-01,Europe,Data & Insights,128205.0,131546.72,41025.6,42395.17
2023-04-01,APAC,Enterprise Subscription,344470.0,332189.99,82672.8,76266.96
2023-04-01,APAC,SMB Subscription,208495.0,209397.32,58378.6,57699.9
2023-04-01,APAC,Professional Services,112406.0,113975.25,50582.7,51322.49
2023-04-01,APAC,Data & Insights,81585.0,89425.87,26107.2,28410.79
2023-04-01,LATAM,Enterprise Subscription,216524.0,203227.29,51965.76,49036.87
2023-04-01,LATAM,SMB Subscription,131054.0,132783.89,36695.12,38695.51
2023-04-01,LATAM,Professional Services,70655.2,74195.5,31794.84,33745.43
2023-04-01,LATAM,Data & Insights,51282.0,55784.47,16410.24,17214.41
2023-05-01,North America,Enterprise Subscription,995600.0,957383.8,238944.0,223385.07
2023-05-01,North America,SMB Subscription,602600.0,588506.04,168728.0,157976.11
2023-05-01,North America,Professional Services,324880.0,337260.87,146196.0,150755.61
2023-05-01,North America,Data & Insights,235800.0,214991.03,75456.0,66701.06
2023-05-01,Europe,Enterprise Subscription,547580.0,557880.43,131419.2,137257.84
2023-05-01,Europe,SMB Subscription,331430.0,371136.59,92800.4,113002.35
2023-05-01,Europe,Professional Services,178684.0,183126.9,80407.8,79960.76
2023-05-01,Europe,Data & Insights,129690.0,113099.7,41500.8,36482.57
2023-05-01,APAC,Enterprise Subscription,348460.0,331463.35,83630.4,78559.94
2023-05-01,APAC,SMB Subscription,210910.0,203164.16,59054.8,56645.69
2023-05-01,APAC,Professional Services,113708.0,120980.63,51168.6,54697.78
2023-05-01,APAC,Data & Insights,82530.0,81744.47,26409.6,25345.5
2023-05-01,LATAM,Enterprise Subscription,219032.0,197023.45,52567.68,46595.77
2023-05-01,LATAM,SMB Subscription,132572.0,132144.2,37120.16,38962.8
2023-05-01,LATAM,Professional Services,71473.6,72032.27,32163.12,33370.17
2023-05-01,LATAM,Data & Insights,51876.0,50321.91,16600.32,15530.58
2023-06-01,North America,Enterprise Subscription,1007000.0,948687.65,241680.0,222731.34
2023-06-01,North America,SMB Subscription,609500.0,687338.14,170660.0,187712.29
2023-06-01,North America,Professional Services,328600.0,345131.65,147870.0,151102.26
2023-06-01,North America,Data & Insights,238500.0,251830.81,76320.0,81516.51
2023-06-01,Europe,Enterprise Subscription,553850.0,548644.77,132924.0,131513.72
2023-06-01,Europe,SMB Subscription,335225.0,322054.93,93863.0,91382.12
2023-06-01,Europe,Professional Services,180730.0,175796.25,81328.5,76199.64
2023-06-01,Europe,Data & Insights,131175.0,121116.99,41976.0,38958.11
2023-06-01,APAC,Enterprise Subscription,352450.0,385843.04,84588.0,93046.8
2023-06-01,APAC,SMB Subscription,213325.0,211806.49,59731.0,59814.35
2023-06-01,APAC,Professional Services,115010.0,124022.2,51754.5,56177.3
2023-06-01,APAC,Data & Insights,83475.0,81416.87,26712.0,26918.08
2023-06-01,LATAM,Enterprise Subscription,221540.0,227239.2,53169.6,57050.09
2023-06-01,LATAM,SMB Subscription,134090.0,135564.19,37545.2,36563.62
2023-06-01,LATAM,Professional Services,72292.0,66357.58,32531.4,31339.86
2023-06-01,LATAM,Data & Insights,52470.0,57896.44,16790.4,18427.08
2023-07-01,North America,Enterprise Subscription,1018400.0,994985.72,244416.0,249266.21
2023-07-01,North America,SMB Subscription,616400.0,575457.02,172592.0,156803.0
2023-07-01,North America,Professional Services,332320.0,345147.42,149544.0,153477.68
2023-07-01,North America,Data & Insights,241200.0,241125.88,77184.0,76781.94
2023-07-01,Europe,Enterprise Subscription,560120.0,571464.94,134428.8,142942.74
2023-07-01,Europe,SMB Subscription,339020.0,340862.61,94925.6,97285.28
2023-07-01,Europe,Professional Services,182776.0,160292.66,82249.2,72026.27
2023-07-01,Europe,Data & Insights,132660.0,125948.22,42451.2,38829.76
2023-07-01,APAC,Enterprise Subscription,356440.0,337659.48,85545.6,80225.97
2023-07-01,APAC,SMB Subscription,215740.0,227595.81,60407.2,61191.02
2023-07-01,APAC,Professional Services,116312.0,116525.77,52340.4,51674.95
2023-07-01,APAC,Data & Insights,84420.0,82760.27,27014.4,27279.98
2023-07-01,LATAM,Enterprise Subscription,224048.0,231281.82,53771.52,57734.71
2023-07-01,LATAM,SMB Subscription,135608.0,134350.87,37970.24,36832.84
2023-07-01,LATAM,Professional Services,73110.4,72128.42,32899.68,32693.91
2023-07-01,LATAM,Data & Insights,53064.0,53626.18,16980.48,16602.12
2023-08-01,North America,Enterprise Subscription,1029800.0,1035391.18,247152.0,250195.28
2023-08-01,North America,SMB Subscription,623300.0,717448.49,174524.0,212196.51
2023-08-01,North America,Professional Services,336040.0,318836.57,151218.0,142239.47
2023-08-01,North America,Data & Insights,243900.0,222483.99,78048.0,69933.22
2023-08-01,Europe,Enterprise Subscription,566390.0,577115.33,135933.6,143518.28
2023-08-01,Europe,SMB Subscription,342815.0,327818.55,95988.2,89987.89
2023-08-01,Europe,Professional Services,184822.0,161010.02,83169.9,72100.93
2023-08-01,Europe,Data & Insights,134145.0,125593.95,42926.4,39551.72
2023-08-01,APAC,Enterprise Subscription,360430.0,341467.18,86503.2,81720.37
2023-08-01,APAC,SMB Subscription,218155.0,195147.57,61083.4,52236.48
2023-08-01,APAC,Professional Services,117614.0,132639.76,52926.3,57382.58
2023-08-01,APAC,Data & Insights,85365.0,79747.37,27316.8,26925.45
2023-08-01,LATAM,Enterprise Subscription,226556.0,266045.62,54373.44,61606.78
2023-08-01,LATAM,SMB Subscription,137126.0,134096.21,38395.28,37931.67
2023-08-01,LATAM,Professional Services,73928.8,81596.83,33267.96,35631.5
2023-08-01,LATAM,Data & Insights,53658.0,52868.33,17170.56,17312.39
2023-09-01,North America,Enterprise Subscription,1041200.0,1068360.71,249888.0,253513.1
2023-09-01,North America,SMB Subscription,630200.0,625139.89,176456.0,167819.35
2023-09-01,North America,Professional Services,339760.0,334904.69,152892.0,149502.71
2023-09-01,North America,Data & Insights,246600.0,250035.19,78912.0,78678.29
2023-09-01,Europe,Enterprise Subscription,572660.0,588861.88,137438.4,145620.57
2023-09-01,Europe,SMB Subscription,346610.0,349842.4,97050.8,98989.57
2023-09-01,Europe,Professional Services,186868.0,187463.98,84090.6,84359.01
2023-09-01,Europe,Data & Insights,135630.0,129758.11,43401.6,41916.84
2023-09-01,APAC,Enterprise Subscription,364420.0,362292.81,87460.8,92410.32
2023-09-01,APAC,SMB Subscription,220570.0,241392.09,61759.6,68372.16
2023-09-01,APAC,Professional Services,118916.0,113471.62,53512.2,49358.16
2023-09-01,APAC,Data & Insights,86310.0,92478.45,27619.2,29826.37
2023-09-01,LATAM,Enterprise Subscription,229064.0,235663.01,54975.36,53598.96
2023-09-01,LATAM,SMB Subscription,138644.0,146359.03,38820.32,41539.2
2023-09-01,LATAM,Professional Services,74747.2,69767.1,33636.24,30951.09
2023-09-01,LATAM,Data & Insights,54252.0,55110.43,17360.64,17663.1
2023-10-01,North America,Enterprise Subscription,1052600.0,1034147.64,252624.0,247424.87
2023-10-01,North America,SMB Subscription,637100.0,627467.91,178388.0,176495.13
2023-10-01,North America,Professional Services,343480.0,373805.68,154566.0,155260.23
2023-10-01,North America,Data & Insights,249300.0,245757.19,79776.0,79058.74
2023-10-01,Europe,Enterprise Subscription,578930.0,589211.59,138943.2,139833.0
2023-10-01,Europe,SMB Subscription,350405.0,313471.15,98113.4,88635.59
2023-10-01,Europe,Professional Services,188914.0,208493.24,85011.3,89504.66
2023-10-01,Europe,Data & Insights,137115.0,144221.63,43876.8,45696.07
2023-10-01,APAC,Enterprise Subscription,368410.0,367054.45,88418.4,85310.48
2023-10-01,APAC,SMB Subscription,222985.0,218510.28,62435.8,63569.09
2023-10-01,APAC,Professional Services,120218.0,124420.74,54098.1,58899.06
2023-10-01,APAC,Data & Insights,87255.0,93419.1,27921.6,30287.9
2023-10-01,LATAM,Enterprise Subscription,231572.0,255802.78,55577.28,62201.2
2023-10-01,LATAM,SMB Subscription,140162.0,147125.15,39245.36,40828.52
2023-10-01,LATAM,Professional Services,75565.6,75867.31,34004.52,33425.98
2023-10-01,LATAM,Data & Insights,54846.0,58102.48,17550.72,17935.56
2023-11-01,North America,Enterprise Subscription,1064000.0,1113945.25,255360.0,265817.76
2023-11-01,North America,SMB Subscription,644000.0,689256.99,180320.0,197339.31
2023-11-01,North America,Professional Services,347200.0,385127.7,156240.0,177106.93
2023-11-01,North America,Data & Insights,252000.0,228230.75,80640.0,72887.15
2023-11-01,Europe,Enterprise Subscription,585200.0,544048.48,140448.0,128541.46
2023-11-01,Europe,SMB Subscription,354200.0,386316.63,99176.0,110237.49
2023-11-01,Europe,Professional Services,190960.0,182951.93,85932.0,79824.64
2023-11-01,Europe,Data & Insights,138600.0,138872.62,44352.0,42817.35
2023-11-01,APAC,Enterprise Subscription,372400.0,357404.04,89376.0,86579.87
2023-11-01,APAC,SMB Subscription,225400.0,241024.44,63112.0,68719.34
2023-11-01,APAC,Professional Services,121520.0,104813.75,54684.0,47596.86
2023-11-01,APAC,Data & Insights,88200.0,88581.2,28224.0,28697.95
2023-11-01,LATAM,Enterprise Subscription,234080.0,256779.34,56179.2,57812.5
2023-11-01,LATAM,SMB Subscription,141680.0,136655.15,39670.4,38941.74
2023-11-01,LATAM,Professional Services,76384.0,69135.49,34372.8,32488.52
2023-11-01,LATAM,Data & Insights,55440.0,56665.3,17740.8,18593.43
2023-12-01,North America,Enterprise Subscription,1075400.0,1038560.43,258096.0,255339.53
2023-12-01,North America,SMB Subscription,650900.0,692628.09,182252.0,195290.77
2023-12-01,North America,Professional Services,350920.0,355855.36,157914.0,161433.65
2023-12-01,North America,Data & Insights,254700.0,241506.36,81504.0,76939.99
2023-12-01,Europe,Enterprise Subscription,591470.0,586057.25,141952.8,142271.51
2023-12-01,Europe,SMB Subscription,357995.0,379470.92,100238.6,102877.72
2023-12-01,Europe,Professional Services,193006.0,191558.35,86852.7,90032.36
2023-12-01,Europe,Data & Insights,140085.0,133835.07,44827.2,41770.78
2023-12-01,APAC,Enterprise Subscription,376390.0,380958.76,90333.6,93746.17
2023-12-01,APAC,SMB Subscription,227815.0,227971.18,63788.2,66376.83
2023-12-01,APAC,Professional Services,122822.0,129135.99,55269.9,59578.77
2023-12-01,APAC,Data & Insights,89145.0,92108.8,28526.4,31533.03
2023-12-01,LATAM,Enterprise Subscription,236588.0,233675.67,56781.12,52711.31
2023-12-01,LATAM,SMB Subscription,143198.0,156981.56,40095.44,43351.29
2023-12-01,LATAM,Professional Services,77202.4,77702.12,34741.08,36339.64
2023-12-01,LATAM,Data & Insights,56034.0,50647.14,17930.88,15598.52
2024-01-01,North America,Enterprise Subscription,1086800.0,982383.87,260832.0,230155.07
2024-01-01,North America,SMB Subscription,657800.0,675151.58,184184.0,192015.25
2024-01-01,North America,Professional Services,354640.0,360518.67,159588.0,155357.47
2024-01-01,North America,Data & Insights,257400.0,221722.76,82368.0,71066.98
2024-01-01,Europe,Enterprise Subscription,597740.0,580820.04,143457.6,141317.92
2024-01-01,Europe,SMB Subscription,361790.0,377027.59,101301.2,106005.54
2024-01-01,Europe,Professional Services,195052.0,203947.93,87773.4,92407.65
2024-01-01,Europe,Data & Insights,141570.0,146072.48,45302.4,45755.03
2024-01-01,APAC,Enterprise Subscription,380380.0,376280.76,91291.2,90840.49
2024-01-01,APAC,SMB Subscription,230230.0,241564.62,64464.4,66839.14
2024-01-01,APAC,Professional Services,124124.0,128005.36,55855.8,57143.02
2024-01-01,APAC,Data & Insights,90090.0,89454.64,28828.8,29337.85
2024-01-01,LATAM,Enterprise Subscription,239096.0,210504.03,57383.04,48556.0
2024-01-01,LATAM,SMB Subscription,144716.0,131846.24,40520.48,34332.45
2024-01-01,LATAM,Professional Services,78020.8,74845.68,35109.36,34437.79
2024-01-01,LATAM,Data & Insights,56628.0,55660.06,18120.96,17916.9
2024-02-01,North America,Enterprise Subscription,1098200.0,1169970.72,263568.0,291977.12
2024-02-01,North America,SMB Subscription,664700.0,661942.64,186116.0,192870.31
2024-02-01,North America,Professional Services,358360.0,360340.87,161262.0,158079.78
2024-02-01,North America,Data & Insights,260100.0,250823.79,83232.0,76698.62
2024-02-01,Europe,Enterprise Subscription,604010.0,571823.5,144962.4,135763.64
2024-02-01,Europe,SMB Subscription,365585.0,383211.72,102363.8,112838.4
2024-02-01,Europe,Professional Services,197098.0,180752.49,88694.1,82297.18
2024-02-01,Europe,Data & Insights,143055.0,134123.7,45777.6,43530.8
2024-02-01,APAC,Enterprise Subscription,384370.0,381346.85,92248.8,86496.13
2024-02-01,APAC,SMB Subscription,232645.0,245602.82,65140.6,67520.63
2024-02-01,APAC,Professional Services,125426.0,121408.1,56441.7,52880.31
2024-02-01,APAC,Data & Insights,91035.0,87461.24,29131.2,28346.87
2024-02-01,LATAM,Enterprise Subscription,241604.0,238860.67,57984.96,57891.79
2024-02-01,LATAM,SMB Subscription,146234.0,149409.52,40945.52,43492.15
2024-02-01,LATAM,Professional Services,78839.2,77217.7,35477.64,33208.43
2024-02-01,LATAM,Data & Insights,57222.0,60886.12,18311.04,19289.8
2024-03-01,North America,Enterprise Subscription,1109600.0,1183805.11,266304.0,287380.9
2024-03-01,North America,SMB Subscription,671600.0,666315.68,188048.0,188520.51
2024-03-01,North America,Professional Services,362080.0,404465.36,162936.0,193350.31
2024-03-01,North America,Data & Insights,262800.0,263894.0,84096.0,84851.9
2024-03-01,Europe,Enterprise Subscription,610280.0,649688.47,146467.2,151969.44
2024-03-01,Europe,SMB Subscription,369380.0,376761.77,103426.4,105411.45
2024-03-01,Europe,Professional Services,199144.0,202894.78,89614.8,89019.99
2024-03-01,Europe,Data & Insights,144540.0,130754.63,46252.8,39239.38
2024-03-01,APAC,Enterprise Subscription,388360.0,362323.16,93206.4,85761.0
2024-03-01,APAC,SMB Subscription,235060.0,230924.94,65816.8,68416.77
2024-03-01,APAC,Professional Services,126728.0,135137.62,57027.6,59056.73
2024-03-01,APAC,Data & Insights,91980.0,93898.93,29433.6,29680.71
2024-03-01,LATAM,Enterprise Subscription,244112.0,239947.0,58586.88,57907.45
2024-03-01,LATAM,SMB Subscription,147752.0,153241.03,41370.56,42470.79
2024-03-01,LATAM,Professional Services,79657.6,84742.23,35845.92,36827.6
2024-03-01,LATAM,Data & Insights,57816.0,57837.99,18501.12,19950.5
2024-04-01,North America,Enterprise Subscription,1121000.0,1136004.34,269040.0,284363.64
2024-04-01,North America,SMB Subscription,678500.0,682225.79,189980.0,194351.48
2024-04-01,North America,Professional Services,365800.0,364553.72,164610.0,163210.52
2024-04-01,North America,Data & Insights,265500.0,253082.85,84960.0,82031.97
2024-04-01,Europe,Enterprise Subscription,616550.0,585049.08,147972.0,143215.46
2024-04-01,Europe,SMB Subscription,373175.0,397475.12,104489.0,112516.8
2024-04-01,Europe,Professional Services,201190.0,197734.58,90535.5,90192.38
2024-04-01,Europe,Data & Insights,146025.0,143320.56,46728.0,47149.78
2024-04-01,APAC,Enterprise Subscription,392350.0,349236.87,94164.0,82972.96
2024-04-01,APAC,SMB Subscription,237475.0,209108.92,66493.0,55924.4
2024-04-01,APAC,Professional Services,128030.0,138506.92,57613.5,64001.97
2024-04-01,APAC,Data & Insights,92925.0,88913.54,29736.0,27169.84
2024-04-01,LATAM,Enterprise Subscription,246620.0,202753.27,59188.8,47867.38
2024-04-01,LATAM,SMB Subscription,149270.0,170947.72,41795.6,48489.84
2024-04-01,LATAM,Professional Services,80476.0,77774.07,36214.2,35486.64
2024-04-01,LATAM,Data & Insights,58410.0,52939.47,18691.2,16789.52
2024-05-01,North America,Enterprise Subscription,1132400.0,1139158.9,271776.0,272691.94
2024-05-01,North America,SMB Subscription,685400.0,717921.11,191912.0,203096.31
2024-05-01,North America,Professional Services,369520.0,384337.59,166284.0,169380.26
2024-05-01,North America,Data & Insights,268200.0,282647.65,85824.0,94867.23
2024-05-01,Europe,Enterprise Subscription,622820.0,586566.29,149476.8,137026.92
2024-05-01,Europe,SMB Subscription,376970.0,407183.04,105551.6,113356.79
2024-05-01,Europe,Professional Services,203236.0,220354.42,91456.2,97843.04
2024-05-01,Europe,Data & Insights,147510.0,160388.03,47203.2,51526.62
2024-05-01,APAC,Enterprise Subscription,396340.0,402480.78,95121.6,101129.72
2024-05-01,APAC,SMB Subscription,239890.0,234682.89,67169.2,63855.94
2024-05-01,APAC,Professional Services,129332.0,125851.18,58199.4,57401.54
2024-05-01,APAC,Data & Insights,93870.0,85051.33,30038.4,27736.92
2024-05-01,LATAM,Enterprise Subscription,249128.0,241074.62,59790.72,59850.21
2024-05-01,LATAM,SMB Subscription,150788.0,129126.46,42220.64,35302.25
2024-05-01,LATAM,Professional Services,81294.4,73068.38,36582.48,32065.76
2024-05-01,LATAM,Data & Insights,59004.0,59880.8,18881.28,19058.83
2024-06-01,North America,Enterprise Subscription,1143800.0,1126411.2,274512.0,269047.67
2024-06-01,North America,SMB Subscription,692300.0,700748.34,193844.0,190273.0
2024-06-01,North America,Professional Services,373240.0,389069.47,167958.0,178561.87
2024-06-01,North America,Data & Insights,270900.0,277158.41,86688.0,90171.47
2024-06-01,Europe,Enterprise Subscription,629090.0,640278.42,150981.6,163048.52
2024-06-01,Europe,SMB Subscription,380765.0,378775.26,106614.2,105080.02
2024-06-01,Europe,Professional Services,205282.0,196000.86,92376.9,85469.01
2024-06-01,Europe,Data & Insights,148995.0,137869.8,47678.4,42941.97
2024-06-01,APAC,Enterprise Subscription,400330.0,398632.27,96079.2,96631.22
2024-06-01,APAC,SMB Subscription,242305.0,243048.52,67845.4,66490.66
2024-06-01,APAC,Professional Services,130634.0,137689.68,58785.3,63334.79
2024-06-01,APAC,Data & Insights,94815.0,93906.78,30340.8,29461.56
2024-06-01,LATAM,Enterprise Subscription,251636.0,259916.25,60392.64,62731.67
2024-06-01,LATAM,SMB Subscription,152306.0,139072.49,42645.68,38860.88
2024-06-01,LATAM,Professional Services,82112.8,83403.79,36950.76,36518.69
2024-06-01,LATAM,Data & Insights,59598.0,60276.86,19071.36,18446.75
2024-07-01,North America,Enterprise Subscription,1155200.0,1247813.73,277248.0,310687.2
2024-07-01,North America,SMB Subscription,699200.0,688606.39,195776.0,194912.12
2024-07-01,North America,Professional Services,376960.0,322453.35,169632.0,140070.29
2024-07-01,North America,Data & Insights,273600.0,268777.33,87552.0,83242.36
2024-07-01,Europe,Enterprise Subscription,635360.0,662593.94,152486.4,168551.0
2024-07-01,Europe,SMB Subscription,384560.0,357411.26,107676.8,97560.88
2024-07-01,Europe,Professional Services,207328.0,210256.9,93297.6,99188.71
2024-07-01,Europe,Data & Insights,150480.0,139443.43,48153.6,44955.27
2024-07-01,APAC,Enterprise Subscription,404320.0,448503.25,97036.8,102306.88
2024-07-01,APAC,SMB Subscription,244720.0,225909.8,68521.6,62450.89
2024-07-01,APAC,Professional Services,131936.0,127814.94,59371.2,58918.87
2024-07-01,APAC,Data & Insights,95760.0,97148.48,30643.2,29432.14
2024-07-01,LATAM,Enterprise Subscription,254144.0,262003.31,60994.56,61791.31
2024-07-01,LATAM,SMB Subscription,153824.0,165586.43,43070.72,45491.27
2024-07-01,LATAM,Professional Services,82931.2,79763.48,37319.04,36476.26
2024-07-01,LATAM,Data & Insights,60192.0,62947.32,19261.44,20413.93
2024-08-01,North America,Enterprise Subscription,1166600.0,1048614.93,279984.0,255729.76
2024-08-01,North America,SMB Subscription,706100.0,662280.51,197708.0,186747.42
2024-08-01,North America,Professional Services,380680.0,348160.77,171306.0,158770.14
2024-08-01,North America,Data & Insights,276300.0,262928.2,88416.0,80899.51
2024-08-01,Europe,Enterprise Subscription,641630.0,669110.5,153991.2,161750.67
2024-08-01,Europe,SMB Subscription,388355.0,374048.54,108739.4,109293.21
2024-08-01,Europe,Professional Services,209374.0,203838.33,94218.3,91815.6
2024-08-01,Europe,Data & Insights,151965.0,154416.93,48628.8,48494.82
2024-08-01,APAC,Enterprise Subscription,408310.0,419852.18,97994.4,99151.93
2024-08-01,APAC,SMB Subscription,247135.0,241031.19,69197.8,70247.62
2024-08-01,APAC,Professional Services,133238.0,124919.26,59957.1,52144.73
2024-08-01,APAC,Data & Insights,96705.0,106052.14,30945.6,36532.16
2024-08-01,LATAM,Enterprise Subscription,256652.0,250411.21,61596.48,56606.65
2024-08-01,LATAM,SMB Subscription,155342.0,152448.13,43495.76,42318.95
2024-08-01,LATAM,Professional Services,83749.6,82795.24,37687.32,36013.38
2024-08-01,LATAM,Data & Insights,60786.0,62899.75,19451.52,20444.64
2024-09-01,North America,Enterprise Subscription,1178000.0,1072375.41,282720.0,262768.67
2024-09-01,North America,SMB Subscription,713000.0,800813.86,199640.0,225384.63
2024-09-01,North America,Professional Services,384400.0,376619.93,172980.0,168756.97
2024-09-01,North America,Data & Insights,279000.0,289299.4,89280.0,87769.26
2024-09-01,Europe,Enterprise Subscription,647900.0,654290.52,155496.0,155190.29
2024-09-01,Europe,SMB Subscription,392150.0,435627.47,109802.0,121338.35
2024-09-01,Europe,Professional Services,211420.0,232577.49,95139.0,101194.35
2024-09-01,Europe,Data & Insights,153450.0,158856.9,49104.0,51321.3
2024-09-01,APAC,Enterprise Subscription,412300.0,390801.51,98952.0,94291.51
2024-09-01,APAC,SMB Subscription,249550.0,267705.04,69874.0,74229.29
2024-09-01,APAC,Professional Services,134540.0,120881.8,60543.0,54368.15
2024-09-01,APAC,Data & Insights,97650.0,92362.7,31248.0,29252.52
2024-09-01,LATAM,Enterprise Subscription,259160.0,257891.34,62198.4,58726.84
2024-09-01,LATAM,SMB Subscription,156860.0,141654.07,43920.8,40236.75
2024-09-01,LATAM,Professional Services,84568.0,81915.68,38055.6,34025.8
2024-09-01,LATAM,Data & Insights,61380.0,64270.42,19641.6,20734.59
2024-10-01,North America,Enterprise Subscription,1189400.0,1138455.04,285456.0,262435.31
2024-10-01,North America,SMB Subscription,719900.0,756001.89,201572.0,213899.05
2024-10-01,North America,Professional Services,388120.0,443604.14,174654.0,202138.23
2024-10-01,North America,Data & Insights,281700.0,288252.96,90144.0,91779.02
2024-10-01,Europe,Enterprise Subscription,654170.0,686228.62,157000.8,167783.32
2024-10-01,Europe,SMB Subscription,395945.0,425681.86,110864.6,117326.81
2024-10-01,Europe,Professional Services,213466.0,207889.32,96059.7,92205.59
2024-10-01,Europe,Data & Insights,154935.0,162286.37,49579.2,54266.03
2024-10-01,APAC,Enterprise Subscription,416290.0,404829.36,99909.6,95920.93
2024-10-01,APAC,SMB Subscription,251965.0,256713.19,70550.2,71349.73
2024-10-01,APAC,Professional Services,135842.0,143601.73,61128.9,60255.43
2024-10-01,APAC,Data & Insights,98595.0,93704.46,31550.4,29281.59
2024-10-01,LATAM,Enterprise Subscription,261668.0,225238.22,62800.32,52494.43
2024-10-01,LATAM,SMB Subscription,158378.0,149681.56,44345.84,41657.98
2024-10-01,LATAM,Professional Services,85386.4,91088.33,38423.88,40688.4
2024-10-01,LATAM,Data & Insights,61974.0,58140.98,19831.68,18573.32
2024-11-01,North America,Enterprise Subscription,1200800.0,1276390.86,288192.0,297364.73
2024-11-01,North America,SMB Subscription,726800.0,687091.65,203504.0,195609.37
2024-11-01,North America,Professional Services,391840.0,386631.6,176328.0,177363.78
2024-11-01,North America,Data & Insights,284400.0,284167.13,91008.0,92847.62
2024-11-01,Europe,Enterprise Subscription,660440.0,619423.58,158505.6,148607.76
2024-11-01,Europe,SMB Subscription,399740.0,394686.73,111927.2,106481.16
2024-11-01,Europe,Professional Services,215512.0,195295.1,96980.4,89690.76
2024-11-01,Europe,Data & Insights,156420.0,153126.24,50054.4,47497.63
2024-11-01,APAC,Enterprise Subscription,420280.0,417854.67,100867.2,103678.83
2024-11-01,APAC,SMB Subscription,254380.0,219569.55,71226.4,58719.1
2024-11-01,APAC,Professional Services,137144.0,129549.9,61714.8,60852.95
2024-11-01,APAC,Data & Insights,99540.0,101227.72,31852.8,33138.54
2024-11-01,LATAM,Enterprise Subscription,264176.0,246103.81,63402.24,57081.16
2024-11-01,LATAM,SMB Subscription,159896.0,164192.22,44770.88,46054.19
2024-11-01,LATAM,Professional Services,86204.8,89043.04,38792.16,39843.77
2024-11-01,LATAM,Data & Insights,62568.0,63612.17,20021.76,20452.46
2024-12-01,North America,Enterprise Subscription,1212200.0,1268768.58,290928.0,311876.59
2024-12-01,North America,SMB Subscription,733700.0,662390.0,205436.0,172965.23
2024-12-01,North America,Professional Services,395560.0,419335.02,178002.0,195424.5
2024-12-01,North America,Data & Insights,287100.0,269518.75,91872.0,81433.9
2024-12-01,Europe,Enterprise Subscription,666710.0,670671.65,160010.4,165456.06
2024-12-01,Europe,SMB Subscription,403535.0,447058.54,112989.8,127115.24
2024-12-01,Europe,Professional Services,217558.0,212705.8,97901.1,93152.96
2024-12-01,Europe,Data & Insights,157905.0,158013.49,50529.6,50110.35
2024-12-01,APAC,Enterprise Subscription,424270.0,398430.23,101824.8,101500.52
2024-12-01,APAC,SMB Subscription,256795.0,284300.34,71902.6,82317.12
2024-12-01,APAC,Professional Services,138446.0,130796.72,62300.7,60368.28
2024-12-01,APAC,Data & Insights,100485.0,104341.37,32155.2,33832.53
2024-12-01,LATAM,Enterprise Subscription,266684.0,286679.94,64004.16,70114.65
2024-12-01,LATAM,SMB Subscription,161414.0,168580.92,45195.92,48104.57
2024-12-01,LATAM,Professional Services,87023.2,88802.61,39160.44,37822.92
2024-12-01,LATAM,Data & Insights,63162.0,63478.9,20211.84,19974.31
2025-01-01,North America,Enterprise Subscription,1223600.0,1129639.2,293664.0,284792.3
2025-01-01,North America,SMB Subscription,740600.0,817429.64,207368.0,238213.26
2025-01-01,North America,Professional Services,399280.0,405394.1,179676.0,189819.07
2025-01-01,North America,Data & Insights,289800.0,290009.58,92736.0,93367.67
2025-01-01,Europe,Enterprise Subscription,672980.0,628826.94,161515.2,152715.86
2025-01-01,Europe,SMB Subscription,407330.0,408805.82,114052.4,109992.36
2025-01-01,Europe,Professional Services,219604.0,218929.41,98821.8,98282.59
2025-01-01,Europe,Data & Insights,159390.0,176580.8,51004.8,58021.7
2025-01-01,APAC,Enterprise Subscription,428260.0,428554.1,102782.4,103620.64
2025-01-01,APAC,SMB Subscription,259210.0,259897.62,72578.8,72328.34
2025-01-01,APAC,Professional Services,139748.0,130671.98,62886.6,58535.92
2025-01-01,APAC,Data & Insights,101430.0,96889.4,32457.6,29841.64
2025-01-01,LATAM,Enterprise Subscription,269192.0,277449.01,64606.08,67369.37
2025-01-01,LATAM,SMB Subscription,162932.0,145465.29,45620.96,40580.37
2025-01-01,LATAM,Professional Services,87841.6,93089.44,39528.72,43221.38
2025-01-01,LATAM,Data & Insights,63756.0,67680.2,20401.92,21682.95
2025-02-01,North America,Enterprise Subscription,1235000.0,1172382.14,296400.0,272224.05
2025-02-01,North America,SMB Subscription,747500.0,762955.53,209300.0,216058.29
2025-02-01,North America,Professional Services,403000.0,434127.67,181350.0,201804.13
2025-02-01,North America,Data & Insights,292500.0,290179.39,93600.0,89391.39
2025-02-01,Europe,Enterprise Subscription,679250.0,666244.81,163020.0,160940.8
2025-02-01,Europe,SMB Subscription,411125.0,406140.11,115115.0,111747.7
2025-02-01,Europe,Professional Services,221650.0,225013.12,99742.5,99725.04
2025-02-01,Europe,Data & Insights,160875.0,154812.59,51480.0,50002.91
2025-02-01,APAC,Enterprise Subscription,432250.0,421824.32,103740.0,101979.22
2025-02-01,APAC,SMB Subscription,261625.0,265913.62,73255.0,71910.7
2025-02-01,APAC,Professional Services,141050.0,136977.26,63472.5,64298.49
2025-02-01,APAC,Data & Insights,102375.0,95236.93,32760.0,28540.61
2025-02-01,LATAM,Enterprise Subscription,271700.0,241348.2,65208.0,57974.15
2025-02-01,LATAM,SMB Subscription,164450.0,164755.06,46046.0,45968.65
2025-02-01,LATAM,Professional Services,88660.0,95119.0,39897.0,39371.35
2025-02-01,LATAM,Data & Insights,64350.0,65878.7,20592.0,22068.69
2025-03-01,North America,Enterprise Subscription,1246400.0,1162060.04,299136.0,275716.63
2025-03-01,North America,SMB Subscription,754400.0,720321.1,211232.0,196278.49
2025-03-01,North America,Professional Services,406720.0,398758.16,183024.0,187125.66
2025-03-01,North America,Data & Insights,295200.0,327743.79,94464.0,103821.03
2025-03-01,Europe,Enterprise Subscription,685520.0,763877.41,164524.8,183526.25
2025-03-01,Europe,SMB Subscription,414920.0,458578.49,116177.6,128042.58
2025-03-01,Europe,Professional Services,223696.0,225455.03,100663.2,102567.14
2025-03-01,Europe,Data & Insights,162360.0,193327.12,51955.2,63444.61
2025-03-01,APAC,Enterprise Subscription,436240.0,417727.78,104697.6,103169.06
2025-03-01,APAC,SMB Subscription,264040.0,258307.7,73931.2,71263.5
2025-03-01,APAC,Professional Services,142352.0,150112.47,64058.4,67613.61
2025-03-01,APAC,Data & Insights,103320.0,105046.95,33062.4,33629.13
2025-03-01,LATAM,Enterprise Subscription,274208.0,279745.63,65809.92,67994.9
2025-03-01,LATAM,SMB Subscription,165968.0,146679.53,46471.04,41891.56
2025-03-01,LATAM,Professional Services,89478.4,84206.23,40265.28,36253.22
2025-03-01,LATAM,Data & Insights,64944.0,64716.39,20782.08,20761.42
2025-04-01,North America,Enterprise Subscription,1257800.0,1205462.48,301872.0,296523.79
2025-04-01,North America,SMB Subscription,761300.0,699992.12,213164.0,193604.99
2025-04-01,North America,Professional Services,410440.0,396036.66,184698.0,177967.42
2025-04-01,North America,Data & Insights,297900.0,302884.42,95328.0,93992.37
2025-04-01,Europe,Enterprise Subscription,691790.0,721853.09,166029.6,173572.19
2025-04-01,Europe,SMB Subscription,418715.0,371183.82,117240.2,97824.69
2025-04-01,Europe,Professional Services,225742.0,225575.14,101583.9,100835.91
2025-04-01,Europe,Data & Insights,163845.0,162828.31,52430.4,52061.32
2025-04-01,APAC,Enterprise Subscription,440230.0,446187.89,105655.2,110129.47
2025-04-01,APAC,SMB Subscription,266455.0,248691.43,74607.4,67185.34
2025-04-01,APAC,Professional Services,143654.0,134230.38,64644.3,60927.22
2025-04-01,APAC,Data & Insights,104265.0,112053.27,33364.8,35393.05
2025-04-01,LATAM,Enterprise Subscription,276716.0,235180.38,66411.84,53557.92
2025-04-01,LATAM,SMB Subscription,167486.0,159114.68,46896.08,43806.67
2025-04-01,LATAM,Professional Services,90296.8,88084.23,40633.56,39683.78
2025-04-01,LATAM,Data & Insights,65538.0,64312.13,20972.16,21227.74
2025-05-01,North America,Enterprise Subscription,1269200.0,1217719.93,304608.0,284692.34
2025-05-01,North America,SMB Subscription,768200.0,790272.33,215096.0,211082.22
2025-05-01,North America,Professional Services,414160.0,423843.68,186372.0,191316.46
2025-05-01,North America,Data & Insights,300600.0,297940.73,96192.0,99883.87
2025-05-01,Europe,Enterprise Subscription,698060.0,671999.71,167534.4,171248.47
2025-05-01,Europe,SMB Subscription,422510.0,416795.18,118302.8,112231.71
2025-05-01,Europe,Professional Services,227788.0,228743.61,102504.6,99611.14
2025-05-01,Europe,Data & Insights,165330.0,157872.73,52905.6,51121.01
2025-05-01,APAC,Enterprise Subscription,444220.0,459028.04,106612.8,108110.46
2025-05-01,APAC,SMB Subscription,268870.0,284799.02,75283.6,82512.84
2025-05-01,APAC,Professional Services,144956.0,157448.03,65230.2,71976.91
2025-05-01,APAC,Data & Insights,105210.0,113816.78,33667.2,34366.33
2025-05-01,LATAM,Enterprise Subscription,279224.0,273897.97,67013.76,64025.72
2025-05-01,LATAM,SMB Subscription,169004.0,170212.98,47321.12,46842.58
2025-05-01,LATAM,Professional Services,91115.2,90206.83,41001.84,42885.17
2025-05-01,LATAM,Data & Insights,66132.0,65458.57,21162.24,21206.77
2025-06-01,North America,Enterprise Subscription,1280600.0,1262753.35,307344.0,303749.18
2025-06-01,North America,SMB Subscription,775100.0,775379.81,217028.0,220026.37
2025-06-01,North America,Professional Services,417880.0,447097.52,188046.0,211137.25
2025-06-01,North America,Data & Insights,303300.0,308934.47,97056.0,100607.49
2025-06-01,Europe,Enterprise Subscription,704330.0,655694.7,169039.2,156951.86
2025-06-01,Europe,SMB Subscription,426305.0,450356.01,119365.4,129375.63
2025-06-01,Europe,Professional Services,229834.0,232752.11,103425.3,107523.63
2025-06-01,Europe,Data & Insights,166815.0,171727.03,53380.8,56931.45
2025-06-01,APAC,Enterprise Subscription,448210.0,455991.62,107570.4,108270.18
2025-06-01,APAC,SMB Subscription,271285.0,276751.52,75959.8,70677.64
2025-06-01,APAC,Professional Services,146258.0,149618.01,65816.1,59958.88
2025-06-01,APAC,Data & Insights,106155.0,95177.74,33969.6,30869.66
2025-06-01,LATAM,Enterprise Subscription,281732.0,289804.12,67615.68,67127.48
2025-06-01,LATAM,SMB Subscription,170522.0,163236.26,47746.16,47585.42
2025-06-01,LATAM,Professional Services,91933.6,89263.68,41370.12,42871.51
2025-06-01,LATAM,Data & Insights,66726.0,66718.31,21352.32,21611.21
2025-07-01,North America,Enterprise Subscription,1292000.0,1332299.7,310080.0,321008.81
2025-07-01,North America,SMB Subscription,782000.0,690871.82,218960.0,192807.33
2025-07-01,North America,Professional Services,421600.0,395457.24,189720.0,170669.85
2025-07-01,North America,Data & Insights,306000.0,283224.75,97920.0,88613.93
2025-07-01,Europe,Enterprise Subscription,710600.0,705010.26,170544.0,169378.16
2025-07-01,Europe,SMB Subscription,430100.0,397434.04,120428.0,110927.05
2025-07-01,Europe,Professional Services,231880.0,220885.2,104346.0,101237.65
2025-07-01,Europe,Data & Insights,168300.0,148712.61,53856.0,46101.02
2025-07-01,APAC,Enterprise Subscription,452200.0,453241.83,108528.0,107432.44
2025-07-01,APAC,SMB Subscription,273700.0,235406.66,76636.0,66791.47
2025-07-01,APAC,Professional Services,147560.0,142562.74,66402.0,61207.22
2025-07-01,APAC,Data & Insights,107100.0,102060.17,34272.0,33379.96
2025-07-01,LATAM,Enterprise Subscription,284240.0,273187.44,68217.6,66808.06
2025-07-01,LATAM,SMB Subscription,172040.0,148091.9,48171.2,41877.54
2025-07-01,LATAM,Professional Services,92752.0,85603.81,41738.4,37963.78
2025-07-01,LATAM,Data & Insights,67320.0,66586.17,21542.4,22253.17
2025-08-01,North America,Enterprise Subscription,1303400.0,1357103.3,312816.0,338551.97
2025-08-01,North America,SMB Subscription,788900.0,736683.49,220892.0,208454.06
2025-08-01,North America,Professional Services,425320.0,418195.38,191394.0,188872.05
2025-08-01,North America,Data & Insights,308700.0,292454.69,98784.0,95898.24
2025-08-01,Europe,Enterprise Subscription,716870.0,671460.92,172048.8,157624.87
2025-08-01,Europe,SMB Subscription,433895.0,397718.45,121490.6,113478.96
2025-08-01,Europe,Professional Services,233926.0,219929.93,105266.7,99978.57
2025-08-01,Europe,Data & Insights,169785.0,166014.49,54331.2,52527.24
2025-08-01,APAC,Enterprise Subscription,456190.0,448276.2,109485.6,108809.04
2025-08-01,APAC,SMB Subscription,276115.0,240318.5,77312.2,70200.72
2025-08-01,APAC,Professional Services,148862.0,135726.12,66987.9,58044.12
2025-08-01,APAC,Data & Insights,108045.0,95194.08,34574.4,29529.01
2025-08-01,LATAM,Enterprise Subscription,286748.0,270386.9,68819.52,64359.73
2025-08-01,LATAM,SMB Subscription,173558.0,159847.38,48596.24,45589.35
2025-08-01,LATAM,Professional Services,93570.4,89749.82,42106.68,40770.35
2025-08-01,LATAM,Data & Insights,67914.0,65408.95,21732.48,21317.75
2025-09-01,North America,Enterprise Subscription,1314800.0,1079597.31,315552.0,256270.54
2025-09-01,North America,SMB Subscription,795800.0,650197.37,222824.0,182252.21
2025-09-01,North America,Professional Services,429040.0,403185.49,193068.0,187124.31
2025-09-01,North America,Data & Insights,311400.0,313574.38,99648.0,100954.22
2025-09-01,Europe,Enterprise Subscription,723140.0,659344.33,173553.6,160545.83
2025-09-01,Europe,SMB Subscription,437690.0,398396.58,122553.2,111546.38
2025-09-01,Europe,Professional Services,235972.0,234937.99,106187.4,103953.03
2025-09-01,Europe,Data & Insights,171270.0,168776.36,54806.4,55106.0
2025-09-01,APAC,Enterprise Subscription,460180.0,407788.39,110443.2,100728.64
2025-09-01,APAC,SMB Subscription,278530.0,272792.04,77988.4,76615.33
2025-09-01,APAC,Professional Services,150164.0,134697.85,67573.8,59051.64
2025-09-01,APAC,Data & Insights,108990.0,99145.57,34876.8,32243.02
2025-09-01,LATAM,Enterprise Subscription,289256.0,256310.53,69421.44,62321.93
2025-09-01,LATAM,SMB Subscription,175076.0,152309.99,49021.28,42385.71
2025-09-01,LATAM,Professional Services,94388.8,89309.18,42474.96,43137.16
2025-09-01,LATAM,Data & Insights,68508.0,59075.78,21922.56,19739.07
2025-10-01,North America,Enterprise Subscription,1326200.0,1338123.26,318288.0,325111.01
2025-10-01,North America,SMB Subscription,802700.0,808399.87,224756.0,229371.91
2025-10-01,North America,Professional Services,432760.0,428769.47,194742.0,201362.87
2025-10-01,North America,Data & Insights,314100.0,305497.34,100512.0,101079.74
2025-10-01,Europe,Enterprise Subscription,729410.0,701209.53,175058.4,167986.09
2025-10-01,Europe,SMB Subscription,441485.0,413089.68,123615.8,117244.02
2025-10-01,Europe,Professional Services,238018.0,258655.96,107108.1,116125.07
2025-10-01,Europe,Data & Insights,172755.0,170714.22,55281.6,52801.85
2025-10-01,APAC,Enterprise Subscription,464170.0,457784.15,111400.8,104618.27
2025-10-01,APAC,SMB Subscription,280945.0,265556.89,78664.6,74861.82
2025-10-01,APAC,Professional Services,151466.0,163453.14,68159.7,79752.77
2025-10-01,APAC,Data & Insights,109935.0,106065.83,35179.2,35402.53
2025-10-01,LATAM,Enterprise Subscription,291764.0,296031.09,70023.36,70725.09
2025-10-01,LATAM,SMB Subscription,176594.0,181177.62,49446.32,50823.96
2025-10-01,LATAM,Professional Services,95207.2,95837.83,42843.24,42598.72
2025-10-01,LATAM,Data & Insights,69102.0,63305.27,22112.64,19319.58
2025-11-01,North America,Enterprise Subscription,1337600.0,1390026.82,321024.0,330837.17
2025-11-01,North America,SMB Subscription,809600.0,780644.39,226688.0,218636.2
2025-11-01,North America,Professional Services,436480.0,457298.32,196416.0,206897.73
2025-11-01,North America,Data & Insights,316800.0,304329.71,101376.0,100968.2
2025-11-01,Europe,Enterprise Subscription,735680.0,805386.51,176563.2,196160.59
2025-11-01,Europe,SMB Subscription,445280.0,471293.17,124678.4,136878.84
2025-11-01,Europe,Professional Services,240064.0,256341.77,108028.8,117478.96
2025-11-01,Europe,Data & Insights,174240.0,180495.36,55756.8,58658.96
2025-11-01,APAC,Enterprise Subscription,468160.0,437336.22,112358.4,107167.15
2025-11-01,APAC,SMB Subscription,283360.0,260308.99,79340.8,71149.05
2025-11-01,APAC,Professional Services,152768.0,164716.58,68745.6,75990.84
2025-11-01,APAC,Data & Insights,110880.0,120775.36,35481.6,38333.13
2025-11-01,LATAM,Enterprise Subscription,294272.0,273927.53,70625.28,65268.4
2025-11-01,LATAM,SMB Subscription,178112.0,179202.38,49871.36,50295.57
2025-11-01,LATAM,Professional Services,96025.6,102557.34,43211.52,45650.62
2025-11-01,LATAM,Data & Insights,69696.0,71168.12,22302.72,22098.36
2025-12-01,North America,Enterprise Subscription,1349000.0,1385448.68,323760.0,332538.69
2025-12-01,North America,SMB Subscription,816500.0,779766.64,228620.0,216789.97
2025-12-01,North America,Professional Services,440200.0,435335.55,198090.0,194313.29
2025-12-01,North America,Data & Insights,319500.0,353456.61,102240.0,112772.07
2025-12-01,Europe,Enterprise Subscription,741950.0,731092.48,178068.0,164421.49
2025-12-01,Europe,SMB Subscription,449075.0,424981.03,125741.0,118055.56
2025-12-01,Europe,Professional Services,242110.0,232146.89,108949.5,108796.35
2025-12-01,Europe,Data & Insights,175725.0,173985.98,56232.0,57827.56
2025-12-01,APAC,Enterprise Subscription,472150.0,473898.03,113316.0,113862.55
2025-12-01,APAC,SMB Subscription,285775.0,284252.45,80017.0,79599.75
2025-12-01,APAC,Professional Services,154070.0,169958.88,69331.5,71159.28
2025-12-01,APAC,Data & Insights,111825.0,98395.63,35784.0,30973.52
2025-12-01,LATAM,Enterprise Subscription,296780.0,297038.7,71227.2,72765.2
2025-12-01,LATAM,SMB Subscription,179630.0,184728.84,50296.4,51127.83
2025-12-01,LATAM,Professional Services,96844.0,102765.3,43579.8,47673.61
2025-12-01,LATAM,Data & Insights,70290.0,71066.25,22492.8,23397.96
